db,folder,file,description,timestamp,commit_sha,seed,epistemic_gain,b_candidates,opponent,phase_idx,game,start,end,duration,mean_joint_dist,start_joint_dist,final_joint_dist,joint_match_ratio,joint_convergence_t,mean_row_dist,start_row_dist,final_row_dist,row_match_ratio,row_convergence_t,mean_col_dist,corr_joint_vfe,corr_joint_efe,corr_joint_gamma,corr_row_vfe,corr_row_efe,corr_row_gamma,mean_vfe,mean_efe,mean_gamma
scripts\BMA-Study\EG1\all_vs_Grim_EG1.db,EG1,all_vs_Grim_EG1.db,1_2_2_Chicken-1_1_1_Prisoners-1_2_2_Chicken,20260308-185304,cadb35fb,1,1.0,Full TFT Grim,Grim,0,1_2_2_Chicken,0,800,800,0.06942195726539724,0.27077716231346133,0.028264511823654175,0.89,97.0,0.03142639040015638,0.07077790141105651,0.028264511823654175,0.9325,86.0,0.0,-0.2511175782884123,0.31869146292395045,0.31869808664380417,-0.4086072710179317,0.4677659183797656,0.46777287490159364,1.2404276897464297,2.1791616815122916,3.8515250807586288
scripts\BMA-Study\EG1\all_vs_Grim_EG1.db,EG1,all_vs_Grim_EG1.db,1_2_2_Chicken-1_1_1_Prisoners-1_2_2_Chicken,20260308-185304,cadb35fb,1,1.0,Full TFT Grim,Grim,1,1_1_1_Prisoners,800,1200,400,0.3159391376934946,0.12501574262976647,0.30215858310461047,0.5125,804.0,0.3159391376934946,0.12501574262976647,0.30215858310461047,0.5125,804.0,0.0,-0.7448360282887396,-0.6285591954547141,-0.6285591954547141,-0.7448360282887396,-0.6285591954547141,-0.6285591954547141,9.237625623808707,2.3940221991217623,3.9445985795349254
scripts\BMA-Study\EG1\all_vs_Grim_EG1.db,EG1,all_vs_Grim_EG1.db,1_2_2_Chicken-1_1_1_Prisoners-1_2_2_Chicken,20260308-185304,cadb35fb,1,1.0,Full TFT Grim,Grim,2,1_2_2_Chicken,1200,2000,800,0.021220378652215002,0.009996746778488158,0.022868270874023437,1.0,1200.0,0.021220378652215002,0.009996746778488158,0.022868270874023437,1.0,1200.0,0.0,-0.825010621746548,0.9847510881121925,0.984766361749689,-0.825010621746548,0.9847510881121925,0.984766361749689,0.09380337175534806,2.3959630804864247,3.9457936013397683
scripts\BMA-Study\EG1\all_vs_Grim_EG1.db,EG1,all_vs_Grim_EG1.db,3_2_2_StagHunt-1_1_1_Prisoners-3_2_2_StagHunt,20260308-185328,cadb35fb,1,1.0,Full TFT Grim,Grim,0,3_2_2_StagHunt,0,800,800,0.014908654391765594,0.20356886267662047,0.00234582781791687,0.975,20.0,0.002408701479434967,0.0035696160793304444,0.00234582781791687,1.0,0.0,0.0,0.5918136273459866,-0.5170239642928273,-0.5170261497312172,0.44398362440104644,-0.6648501049491177,-0.6648526290652114,0.13345365929417313,0.4502401174095082,3.1420554604315836
scripts\BMA-Study\EG1\all_vs_Grim_EG1.db,EG1,all_vs_Grim_EG1.db,3_2_2_StagHunt-1_1_1_Prisoners-3_2_2_StagHunt,20260308-185328,cadb35fb,1,1.0,Full TFT Grim,Grim,1,1_1_1_Prisoners,800,1200,400,1.3895847170613116,1.3909375491031333,1.3899640030830525,0.0,,0.9648529778420926,0.9667898070812225,0.9653972899913787,0.0,,1.0,0.16288517843325306,-0.9981555629343676,-0.998327258913214,0.16288517843325306,-0.9981555629343676,-0.998327258913214,0.007283879460883327,1.4491359120818887,3.508604824108799
scripts\BMA-Study\EG1\all_vs_Grim_EG1.db,EG1,all_vs_Grim_EG1.db,3_2_2_StagHunt-1_1_1_Prisoners-3_2_2_StagHunt,20260308-185328,cadb35fb,1,1.0,Full TFT Grim,Grim,2,3_2_2_StagHunt,1200,2000,800,0.002260994240641594,0.0027021801471710204,0.002231597900390625,1.0,1200.0,0.002260994240641594,0.0027021801471710204,0.002231597900390625,1.0,1200.0,0.0,-0.10720153650650624,0.6681209177075104,0.668086268878785,-0.10720153650650624,0.6681209177075104,0.668086268878785,0.007040077804995235,0.43420990100055207,3.1362016157016557
scripts\BMA-Study\EG1\all_vs_TFT_EG1.db,EG1,all_vs_TFT_EG1.db,1_2_2_Chicken-1_1_1_Prisoners-1_2_2_Chicken,20260308-184556,cadb35fb,1,1.0,Full TFT Grim,TFT,0,1_2_2_Chicken,0,800,800,0.7001393359036736,0.6090666412699031,0.7062366198665058,0.00125,,0.0012882663309574127,0.0015930366516113282,0.0012314116954803467,1.0,0.0,0.0,-0.6004886649329737,0.5938275526367294,0.593831575500473,0.4608908743010752,-0.46346958307279523,-0.4634693743879116,0.6647039563595899,1.3942232699133836,3.486267991294863
scripts\BMA-Study\EG1\all_vs_TFT_EG1.db,EG1,all_vs_TFT_EG1.db,1_2_2_Chicken-1_1_1_Prisoners-1_2_2_Chicken,20260308-184556,cadb35fb,1,1.0,Full TFT Grim,TFT,1,1_1_1_Prisoners,800,1200,400,1.3896212655412505,1.3911965082080218,1.3899967118556498,0.0,,0.9649050989747048,0.9671591258049012,0.965443903207779,0.0,,1.0,0.22136277263169102,-0.9985309433555726,-0.9985475060441049,0.22136277263169102,-0.9985309433555726,-0.9985475060441049,0.007247500946396031,1.4572705713598015,3.5117590725935566
scripts\BMA-Study\EG1\all_vs_TFT_EG1.db,EG1,all_vs_TFT_EG1.db,1_2_2_Chicken-1_1_1_Prisoners-1_2_2_Chicken,20260308-184556,cadb35fb,1,1.0,Full TFT Grim,TFT,2,1_2_2_Chicken,1200,2000,800,0.7062714972628263,0.7059982150984723,0.7062896898046088,0.0,,0.0011820396035909654,0.0015700280666351319,0.0011562108993530273,1.0,1200.0,0.0,0.16857648440402492,-0.7691530849156292,-0.7689747284848679,-0.16857648440402492,0.7691530849156292,0.7689747284848679,0.007097277417196892,1.4233533384264563,3.4978705850843004
scripts\BMA-Study\EG1\all_vs_TFT_EG1.db,EG1,all_vs_TFT_EG1.db,3_2_2_StagHunt-1_1_1_Prisoners-3_2_2_StagHunt,20260308-184618,cadb35fb,1,1.0,Full TFT Grim,TFT,0,3_2_2_StagHunt,0,800,800,0.014908654391765594,0.20356886267662047,0.00234582781791687,0.975,20.0,0.002408701479434967,0.0035696160793304444,0.00234582781791687,1.0,0.0,0.0,0.5918136273459866,-0.5170239642928273,-0.5170261497312172,0.44398362440104644,-0.6648501049491177,-0.6648526290652114,0.13345365929417313,0.4502401174095082,3.1420554604315836
scripts\BMA-Study\EG1\all_vs_TFT_EG1.db,EG1,all_vs_TFT_EG1.db,3_2_2_StagHunt-1_1_1_Prisoners-3_2_2_StagHunt,20260308-184618,cadb35fb,1,1.0,Full TFT Grim,TFT,1,1_1_1_Prisoners,800,1200,400,1.3895847170613116,1.3909375491031333,1.3899640030830525,0.0,,0.9648529778420926,0.9667898070812225,0.9653972899913787,0.0,,1.0,0.16288517843325306,-0.9981555629343676,-0.998327258913214,0.16288517843325306,-0.9981555629343676,-0.998327258913214,0.007283879460883327,1.4491359120818887,3.508604824108799
scripts\BMA-Study\EG1\all_vs_TFT_EG1.db,EG1,all_vs_TFT_EG1.db,3_2_2_StagHunt-1_1_1_Prisoners-3_2_2_StagHunt,20260308-184618,cadb35fb,1,1.0,Full TFT Grim,TFT,2,3_2_2_StagHunt,1200,2000,800,0.002260994240641594,0.0027021801471710204,0.002231597900390625,1.0,1200.0,0.002260994240641594,0.0027021801471710204,0.002231597900390625,1.0,1200.0,0.0,-0.10720153650650624,0.6681209177075104,0.668086268878785,-0.10720153650650624,0.6681209177075104,0.668086268878785,0.007040077804995235,0.43420990100055207,3.1362016157016557
scripts\BMA-Study\EG1\full_vs_Grim_EG1.db,EG1,full_vs_Grim_EG1.db,1_2_2_Chicken-1_1_1_Prisoners-1_2_2_Chicken,20260308-172136,cadb35fb,1,1.0,Full,Grim,0,1_2_2_Chicken,0,800,800,0.3665404836918932,0.2641297033429146,0.36215919809583064,0.05,97.0,0.12434250195510685,0.06413044244050979,0.1485494777560234,0.37625,89.0,0.0,0.10022330092362822,-0.050668793565090034,-0.05066229155658217,-0.1617140630216978,0.16949510071334417,0.16948917706363126,2.3114755367604083,2.036413424105459,3.7799569855498345
scripts\BMA-Study\EG1\full_vs_Grim_EG1.db,EG1,full_vs_Grim_EG1.db,1_2_2_Chicken-1_1_1_Prisoners-1_2_2_Chicken,20260308-172136,cadb35fb,1,1.0,Full,Grim,1,1_1_1_Prisoners,800,1200,400,0.010616607018164359,0.007381444652564823,0.0173155509121716,0.9975,800.0,0.010616607018164359,0.007381444652564823,0.0173155509121716,0.9975,800.0,0.0,-0.9354329165755583,0.9674234190587164,0.967420477114373,-0.9354329165755583,0.9674234190587164,0.967420477114373,6.828774014413357,2.0851111605827537,3.7915633839946774
scripts\BMA-Study\EG1\full_vs_Grim_EG1.db,EG1,full_vs_Grim_EG1.db,1_2_2_Chicken-1_1_1_Prisoners-1_2_2_Chicken,20260308-172136,cadb35fb,1,1.0,Full,Grim,2,1_2_2_Chicken,1200,2000,800,0.03868877767508529,0.06831430061424604,0.0388353955745697,0.99375,1205.0,0.03731690730899572,0.04636437475681305,0.0388353955745697,0.995,1205.0,0.0,-0.964423970595426,0.9996371393064596,0.9996428647858489,-0.9643982091893178,0.9996369283365155,0.9996426538106161,3.7950708545232192,2.396813133404243,3.945767782572479
scripts\BMA-Study\EG1\full_vs_Grim_EG1.db,EG1,full_vs_Grim_EG1.db,3_2_2_StagHunt-1_1_1_Prisoners-3_2_2_StagHunt,20260308-172158,cadb35fb,1,1.0,Full,Grim,0,3_2_2_StagHunt,0,800,800,0.07855485163629056,0.26412896156311033,0.07184406995773315,0.94625,40.0,0.06605489872395992,0.06412971496582032,0.07184406995773315,0.97125,40.0,0.0,-0.10173041184477444,0.9997384183662172,0.9997433567084548,-0.2480147091514646,0.8534575529713915,0.8534617858901167,0.22089395497110673,0.4860580530821645,3.1538967526232806
scripts\BMA-Study\EG1\full_vs_Grim_EG1.db,EG1,full_vs_Grim_EG1.db,3_2_2_StagHunt-1_1_1_Prisoners-3_2_2_StagHunt,20260308-172158,cadb35fb,1,1.0,Full,Grim,1,1_1_1_Prisoners,800,1200,400,0.17317689921161872,1.0126237345170965,0.05602006420493126,0.865,852.0,0.053177248742431404,0.09125581726431847,0.05602006420493126,0.965,812.0,0.13,-0.6902374088386845,0.6515801029184612,0.6515801029184612,-0.6396002774829979,0.8086920297326257,0.8086920297326257,16.608849833742717,0.46567735645974856,3.1470832819467405
scripts\BMA-Study\EG1\full_vs_Grim_EG1.db,EG1,full_vs_Grim_EG1.db,3_2_2_StagHunt-1_1_1_Prisoners-3_2_2_StagHunt,20260308-172158,cadb35fb,1,1.0,Full,Grim,2,3_2_2_StagHunt,1200,2000,800,0.29371570543337844,0.3553907866209808,0.3356358677148819,0.0,,0.1749875989370048,0.14866305649280548,0.1643641322851181,0.125,1372.0,0.0,0.12291246055729282,-0.13380509454989817,-0.1338127573507997,-0.37322946259661255,0.35003638570205625,0.3500652007042457,0.9560755817685276,1.8480761056372343,3.683030591943641
scripts\BMA-Study\EG1\full_vs_TFT_EG1.db,EG1,full_vs_TFT_EG1.db,1_2_2_Chicken-1_1_1_Prisoners-1_2_2_Chicken,20260228-154145,b20a5067,1,1.0,Full,TFT,0,1_2_2_Chicken,0,800,800,0.5069127680848439,0.5364589399904254,0.5010165897299924,0.00125,,0.03188519706018269,0.07923882126808167,0.009194808006286621,0.87375,0.0,0.0,-0.1297069543513532,0.1197059575381891,0.11969693976085638,-0.07746330989167088,0.019599844195101888,0.019596087342838204,12.419016057513653,1.1468224240751559,3.3889579874170352
scripts\BMA-Study\EG1\full_vs_TFT_EG1.db,EG1,full_vs_TFT_EG1.db,1_2_2_Chicken-1_1_1_Prisoners-1_2_2_Chicken,20260228-154145,b20a5067,1,1.0,Full,TFT,1,1_1_1_Prisoners,800,1200,400,0.16593484406578082,0.06950841628015042,0.31674041272958425,0.28,805.0,0.1645527140516788,0.06950841628015042,0.30568337261676787,0.28,805.0,0.0025,-0.939471011644391,0.9828547551184673,0.9828520369446249,-0.939471011644391,0.9828547551184673,0.9828520369446249,2.077939035594463,1.2318762744315557,3.424051109976316
scripts\BMA-Study\EG1\full_vs_TFT_EG1.db,EG1,full_vs_TFT_EG1.db,1_2_2_Chicken-1_1_1_Prisoners-1_2_2_Chicken,20260228-154145,b20a5067,1,1.0,Full,TFT,2,1_2_2_Chicken,1200,2000,800,0.5306945861350403,0.6690113563344281,0.4994875591231228,0.0,,0.04417664166539907,0.055730552673339845,0.0025513195991516114,0.81,1203.0,0.0,0.2413364196508007,0.6127654506973202,0.6127792727643163,0.07810084074964,0.5588426313507976,0.5588432207410536,17.352707757204772,1.176978818846851,3.4003901050203456
scripts\BMA-Study\EG1\full_vs_TFT_EG1.db,EG1,full_vs_TFT_EG1.db,3_2_2_StagHunt-1_1_1_Prisoners-3_2_2_StagHunt,20260228-154211,b20a5067,1,1.0,Full,TFT,0,3_2_2_StagHunt,0,800,800,0.07855485163629056,0.26412896156311033,0.07184406995773315,0.94625,40.0,0.06605489872395992,0.06412971496582032,0.07184406995773315,0.97125,40.0,0.0,-0.10173041184477444,0.9997384183662172,0.9997433567084548,-0.2480147091514646,0.8534575529713915,0.8534617858901167,0.22089395497110673,0.4860580530821645,3.1538967526232806
scripts\BMA-Study\EG1\full_vs_TFT_EG1.db,EG1,full_vs_TFT_EG1.db,3_2_2_StagHunt-1_1_1_Prisoners-3_2_2_StagHunt,20260228-154211,b20a5067,1,1.0,Full,TFT,1,1_1_1_Prisoners,800,1200,400,0.06740683741036305,0.13373205573167393,0.08046279326081276,0.9625,812.0,0.06304740278050304,0.09885657869279385,0.08046279326081276,0.9625,812.0,0.0075,-0.8104265651660322,0.9117808861305382,0.9117808861305382,-0.8104265651660322,0.9117808861305382,0.9117808861305382,16.450336851128377,0.5811856414265344,3.1864384110798403
scripts\BMA-Study\EG1\full_vs_TFT_EG1.db,EG1,full_vs_TFT_EG1.db,3_2_2_StagHunt-1_1_1_Prisoners-3_2_2_StagHunt,20260228-154211,b20a5067,1,1.0,Full,TFT,2,3_2_2_StagHunt,1200,2000,800,0.3307689492155758,0.16003524490025953,0.2294380035996437,0.0,,0.12970886590890587,0.11622703656554222,0.2294380035996437,0.37625,1641.0,0.0,-0.6471922269273918,0.7185495568783747,0.7186182161890665,0.4515907706502921,-0.45746404917209615,-0.4575259461017477,1.3608326495345682,1.909313425050035,3.709562642852138
scripts\BMA-Study\EG1\Grim_vs_Grim_EG1.db,EG1,Grim_vs_Grim_EG1.db,1_2_2_Chicken-1_1_1_Prisoners-1_2_2_Chicken,20260308-172530,cadb35fb,1,1.0,Full Grim,Grim,0,1_2_2_Chicken,0,800,800,0.07410823654181738,0.2674687902629376,0.02974668741226196,0.88875,97.0,0.0362845294829458,0.06746952936053276,0.02974668741226196,0.93125,88.0,0.0,0.7604894804757347,-0.8586182315262405,-0.8586216768028053,0.6400007965351571,-0.7393026880133964,-0.7393058711181677,1.2148438312509098,2.2244032031703105,3.87288338775026
scripts\BMA-Study\EG1\Grim_vs_Grim_EG1.db,EG1,Grim_vs_Grim_EG1.db,1_2_2_Chicken-1_1_1_Prisoners-1_2_2_Chicken,20260308-172530,cadb35fb,1,1.0,Full Grim,Grim,1,1_1_1_Prisoners,800,1200,400,0.043545058364979926,0.04889890890568495,0.0294888411834836,0.9875,804.0,0.043545058364979926,0.04889890890568495,0.0294888411834836,0.9875,804.0,0.0,0.060822389027799496,0.9182024096862861,0.9182098846451395,0.060822389027799496,0.9182024096862861,0.9182098846451395,7.964183878100593,2.4497708427443188,3.9735392445342024
scripts\BMA-Study\EG1\Grim_vs_Grim_EG1.db,EG1,Grim_vs_Grim_EG1.db,1_2_2_Chicken-1_1_1_Prisoners-1_2_2_Chicken,20260308-172530,cadb35fb,1,1.0,Full Grim,Grim,2,1_2_2_Chicken,1200,2000,800,0.024777314868044818,0.044653389159392765,0.024068002700805665,0.995,1204.0,0.02378874395042658,0.028836254477500916,0.024068002700805665,0.99625,1204.0,0.0,-0.9588568781305308,0.9992000803971106,0.9991770327407034,-0.9588478769898998,0.9991998459899439,0.999176798329206,3.9708900873796664,2.4408871819352362,3.968784422094709
scripts\BMA-Study\EG1\Grim_vs_Grim_EG1.db,EG1,Grim_vs_Grim_EG1.db,3_2_2_StagHunt-1_1_1_Prisoners-3_2_2_StagHunt,20260308-172552,cadb35fb,1,1.0,Full Grim,Grim,0,3_2_2_StagHunt,0,800,800,0.015408360883593559,0.20669398069381714,0.0023635268211364747,0.975,20.0,0.0029084079712629316,0.0066947340965271,0.0023635268211364747,1.0,0.0,0.0,0.8302007753754854,-0.8294278558441829,-0.8294296491870975,0.6838239067328303,-0.9758008718606092,-0.9758029816831421,0.13825471689051483,0.4508730400863925,3.1422639511393498
scripts\BMA-Study\EG1\Grim_vs_Grim_EG1.db,EG1,Grim_vs_Grim_EG1.db,3_2_2_StagHunt-1_1_1_Prisoners-3_2_2_StagHunt,20260308-172552,cadb35fb,1,1.0,Full Grim,Grim,1,1_1_1_Prisoners,800,1200,400,1.3892905912961948,1.3906616050408127,1.3896741157308385,0.0,,0.9644292676448822,0.9663924193382263,0.9649797570705414,0.0,,1.0,0.1785098507074612,-0.9991513945576109,-0.9991468768265943,0.1785098507074612,-0.9991513945576109,-0.9991468768265943,0.005212128148996271,1.4533933676261626,3.5103532062479412
scripts\BMA-Study\EG1\Grim_vs_Grim_EG1.db,EG1,Grim_vs_Grim_EG1.db,3_2_2_StagHunt-1_1_1_Prisoners-3_2_2_StagHunt,20260308-172552,cadb35fb,1,1.0,Full Grim,Grim,2,3_2_2_StagHunt,1200,2000,800,0.002277982234954834,0.002723660469055176,0.0022483468055725098,1.0,1200.0,0.002277982234954834,0.002723660469055176,0.0022483468055725098,1.0,1200.0,0.0,-0.16496170755653378,0.8880028378322992,0.8880231893561904,-0.16496170755653378,0.8880028378322992,0.8880231893561904,0.004962982925935649,0.4372304285541984,3.137192318284032
scripts\BMA-Study\EG1\TFT_vs_TFT_EG1.db,EG1,TFT_vs_TFT_EG1.db,1_2_2_Chicken-1_1_1_Prisoners-1_2_2_Chicken,20260228-160224,b20a5067,1,1.0,Full TFT,TFT,0,1_2_2_Chicken,0,800,800,0.6997835609648348,0.6073096231511159,0.70622446578705,0.00125,,0.001796080693602562,0.0041267466545104985,0.0012486231327056884,1.0,0.0,0.0,-0.8586708992525661,0.996195039208812,0.9962425880715834,0.7199620652766534,-0.8673433220029071,-0.8673832366682338,0.6915061782090924,1.3903234098413622,3.4847125520885
scripts\BMA-Study\EG1\TFT_vs_TFT_EG1.db,EG1,TFT_vs_TFT_EG1.db,1_2_2_Chicken-1_1_1_Prisoners-1_2_2_Chicken,20260228-160224,b20a5067,1,1.0,Full TFT,TFT,1,1_1_1_Prisoners,800,1200,400,1.3893212970149886,1.390914773718315,1.3897012207015584,0.0,,0.9644729767739773,0.9667534327507019,0.965018310546875,0.0,,1.0,0.21470839661849006,-0.996350875783345,-0.9965390481497612,0.21470839661849006,-0.996350875783345,-0.9965390481497612,0.0051370507973479106,1.4616266298688487,3.513550669337766
scripts\BMA-Study\EG1\TFT_vs_TFT_EG1.db,EG1,TFT_vs_TFT_EG1.db,1_2_2_Chicken-1_1_1_Prisoners-1_2_2_Chicken,20260228-160224,b20a5067,1,1.0,Full TFT,TFT,2,1_2_2_Chicken,1200,2000,800,0.7062598443139834,0.7059829236662128,0.7062782813301665,0.0,,0.0011985409259796143,0.0015917158126831055,0.0011723637580871582,1.0,1200.0,0.0,0.17098500804027864,-0.757032343535534,-0.7569310558444964,-0.17098500804027864,0.757032343535534,0.7569310558444964,0.004998098833893892,1.4285135901937471,3.49997639922953
scripts\BMA-Study\EG1\TFT_vs_TFT_EG1.db,EG1,TFT_vs_TFT_EG1.db,3_2_2_StagHunt-1_1_1_Prisoners-3_2_2_StagHunt,20260228-160246,b20a5067,1,1.0,Full TFT,TFT,0,3_2_2_StagHunt,0,800,800,0.015374669656157493,0.20645269870758057,0.00236395001411438,0.975,20.0,0.0028747167438268662,0.006453452110290528,0.00236395001411438,1.0,0.0,0.0,0.8243205797008089,-0.8313046403820283,-0.8313130161481214,0.6779699352080761,-0.9776541624761331,-0.9776641170358034,0.137748827340547,0.45101842857003477,3.142311555098304
scripts\BMA-Study\EG1\TFT_vs_TFT_EG1.db,EG1,TFT_vs_TFT_EG1.db,3_2_2_StagHunt-1_1_1_Prisoners-3_2_2_StagHunt,20260228-160246,b20a5067,1,1.0,Full TFT,TFT,1,1_1_1_Prisoners,800,1200,400,1.3892847267583734,1.3906551316126385,1.3896692050456156,0.0,,0.964420818388462,0.9663830959796905,0.9649726831912995,0.0,,1.0,0.14237427315342466,-0.99175485628577,-0.9921437711240021,0.14237427315342466,-0.99175485628577,-0.9921437711240021,0.0051731982140336185,1.4534781249010629,3.5103880280872057
scripts\BMA-Study\EG1\TFT_vs_TFT_EG1.db,EG1,TFT_vs_TFT_EG1.db,3_2_2_StagHunt-1_1_1_Prisoners-3_2_2_StagHunt,20260228-160246,b20a5067,1,1.0,Full TFT,TFT,2,3_2_2_StagHunt,1200,2000,800,0.0022781924903392792,0.0027240896224975586,0.0022484660148620605,1.0,1200.0,0.0022781924903392792,0.0027240896224975586,0.0022484660148620605,1.0,1200.0,0.0,0.07457057282842454,0.13093462533175937,0.130935869110957,0.07457057282842454,0.13093462533175937,0.130935869110957,0.0049378666817210615,0.4372695474168649,3.13720515549281
scripts\BMA-Study\EG10\all_vs_Grim_EG10.db,EG10,all_vs_Grim_EG10.db,1_2_2_Chicken-1_1_1_Prisoners-1_2_2_Chicken,20260308-182725,cadb35fb,1,10.0,Full TFT Grim,Grim,0,1_2_2_Chicken,0,800,800,0.14577228011472576,0.43257294998405904,0.07318540334701538,0.6325,40.0,0.0922509615454112,0.08375483557581902,0.06753690719604492,0.6925,40.0,0.0,0.4658182112083378,-0.520523692695,-0.5205155027753848,0.17673409040828766,-0.2183383030368748,-0.21833936674436275,1.8579218082877924,0.46538648901644813,3.346914267891202
scripts\BMA-Study\EG10\all_vs_Grim_EG10.db,EG10,all_vs_Grim_EG10.db,1_2_2_Chicken-1_1_1_Prisoners-1_2_2_Chicken,20260308-182725,cadb35fb,1,10.0,Full TFT Grim,Grim,1,1_1_1_Prisoners,800,1200,400,0.7088632313674316,0.32778308492153885,0.6572487062215805,0.08,803.0,0.7088632313674316,0.32778308492153885,0.6572487062215805,0.08,803.0,0.0,-0.37326205516861677,-0.980927503639101,-0.9809343763063618,-0.37326205516861677,-0.980927503639101,-0.9809343763063618,5.623862112127244,0.620665429135973,3.2934385863566087
scripts\BMA-Study\EG10\all_vs_Grim_EG10.db,EG10,all_vs_Grim_EG10.db,1_2_2_Chicken-1_1_1_Prisoners-1_2_2_Chicken,20260308-182725,cadb35fb,1,10.0,Full TFT Grim,Grim,2,1_2_2_Chicken,1200,2000,800,0.05205785728991032,0.009063749313354493,0.06230194926261902,0.99875,1201.0,0.05205785728991032,0.009063749313354493,0.06230194926261902,0.99875,1201.0,0.0,-0.7174714821785678,0.9927153806838449,0.9927138726342458,-0.7174714821785678,0.9927153806838449,0.9927138726342458,0.014066280760744121,2.117657824808303,3.8073849099823303
scripts\BMA-Study\EG10\all_vs_Grim_EG10.db,EG10,all_vs_Grim_EG10.db,3_2_2_StagHunt-1_1_1_Prisoners-3_2_2_StagHunt,20260308-182748,cadb35fb,1,10.0,Full TFT Grim,Grim,0,3_2_2_StagHunt,0,800,800,0.029620456472039224,0.32922005772590635,0.006670926809310913,0.94875,41.0,0.015677346512675286,0.10613029837608337,0.006670926809310913,0.97375,41.0,0.0,0.537783218790046,-0.4938295958251285,-0.4938295577017813,0.39153603646194174,-0.3476016872410589,-0.34760164826089474,0.13345365929417313,0.010013214186052473,3.0185377523062016
scripts\BMA-Study\EG10\all_vs_Grim_EG10.db,EG10,all_vs_Grim_EG10.db,3_2_2_StagHunt-1_1_1_Prisoners-3_2_2_StagHunt,20260308-182748,cadb35fb,1,10.0,Full TFT Grim,Grim,1,1_1_1_Prisoners,800,1200,400,1.3460071770107656,1.3498192700841367,1.3469534774416763,0.0,,0.9009434048831463,0.906535633802414,0.9023417520523072,0.0,,1.0,0.16399166364662163,-0.9999245302886195,-0.9999269676951705,0.16399166364662163,-0.9999245302886195,-0.9999269676951705,0.007283879460883327,1.2776629520409115,3.439629727678889
scripts\BMA-Study\EG10\all_vs_Grim_EG10.db,EG10,all_vs_Grim_EG10.db,3_2_2_StagHunt-1_1_1_Prisoners-3_2_2_StagHunt,20260308-182748,cadb35fb,1,10.0,Full TFT Grim,Grim,2,3_2_2_StagHunt,1200,2000,800,0.006449398621916771,0.007728122472763062,0.006366493701934814,1.0,1200.0,0.006449398621916771,0.007728122472763062,0.006366493701934814,1.0,1200.0,0.0,-0.15983225385317323,0.9995126550425875,0.9995127839346987,-0.15983225385317323,0.9995126550425875,0.9995127839346987,0.007040077804995235,0.23903333613658706,3.073491434101607
scripts\BMA-Study\EG10\all_vs_TFT_EG10.db,EG10,all_vs_TFT_EG10.db,1_2_2_Chicken-1_1_1_Prisoners-1_2_2_Chicken,20260308-183020,cadb35fb,1,10.0,Full TFT Grim,TFT,0,1_2_2_Chicken,0,800,800,0.6985385262351904,0.6099066074682319,0.7042801292742291,0.00125,,0.0035518428683280947,0.00030538320541381833,0.004006123542785645,1.0,0.0,0.0,0.20999165719538124,-0.4399853366171354,-0.4399854840423811,-0.3556874859814056,0.5882302440154527,0.588230403601672,0.6647039563595899,0.6622422186270515,3.27239280306202
scripts\BMA-Study\EG10\all_vs_TFT_EG10.db,EG10,all_vs_TFT_EG10.db,1_2_2_Chicken-1_1_1_Prisoners-1_2_2_Chicken,20260308-183020,cadb35fb,1,10.0,Full TFT Grim,TFT,1,1_1_1_Prisoners,800,1200,400,1.3460821592833974,1.3503297314807867,1.3470170228748901,0.0,,0.9010521879792214,0.9072752010822296,0.9024338006973267,0.0,,1.0,0.21981163053523686,-0.9925732680653715,-0.9925758826504222,0.21981163053523686,-0.9925732680653715,-0.9925758826504222,0.007247500946396031,1.2857393211699941,3.4426344607261377
scripts\BMA-Study\EG10\all_vs_TFT_EG10.db,EG10,all_vs_TFT_EG10.db,1_2_2_Chicken-1_1_1_Prisoners-1_2_2_Chicken,20260308-183020,cadb35fb,1,10.0,Full TFT Grim,TFT,2,1_2_2_Chicken,1200,2000,800,0.7043845585541336,0.7035585146951671,0.7044385196972182,0.0,,0.0038579369336366656,0.005040613412857056,0.003780665397644043,1.0,1200.0,0.0,0.23902479749732689,-0.9624248706955865,-0.9624238367607133,-0.23902479749732689,0.9624248706955865,0.9624238367607133,0.007097277417196892,1.2259768701979874,3.419184068487831
scripts\BMA-Study\EG10\all_vs_TFT_EG10.db,EG10,all_vs_TFT_EG10.db,3_2_2_StagHunt-1_1_1_Prisoners-3_2_2_StagHunt,20260308-183043,cadb35fb,1,10.0,Full TFT Grim,TFT,0,3_2_2_StagHunt,0,800,800,0.029620456472039224,0.32922005772590635,0.006670926809310913,0.94875,41.0,0.015677346512675286,0.10613029837608337,0.006670926809310913,0.97375,41.0,0.0,0.537783218790046,-0.4938295958251285,-0.4938295577017813,0.39153603646194174,-0.3476016872410589,-0.34760164826089474,0.13345365929417313,0.010013214186052473,3.0185377523062016
scripts\BMA-Study\EG10\all_vs_TFT_EG10.db,EG10,all_vs_TFT_EG10.db,3_2_2_StagHunt-1_1_1_Prisoners-3_2_2_StagHunt,20260308-183043,cadb35fb,1,10.0,Full TFT Grim,TFT,1,1_1_1_Prisoners,800,1200,400,1.3460071770107656,1.3498192700841367,1.3469534774416763,0.0,,0.9009434048831463,0.906535633802414,0.9023417520523072,0.0,,1.0,0.16399166364662163,-0.9999245302886195,-0.9999269676951705,0.16399166364662163,-0.9999245302886195,-0.9999269676951705,0.007283879460883327,1.2776629520409115,3.439629727678889
scripts\BMA-Study\EG10\all_vs_TFT_EG10.db,EG10,all_vs_TFT_EG10.db,3_2_2_StagHunt-1_1_1_Prisoners-3_2_2_StagHunt,20260308-183043,cadb35fb,1,10.0,Full TFT Grim,TFT,2,3_2_2_StagHunt,1200,2000,800,0.006449398621916771,0.007728122472763062,0.006366493701934814,1.0,1200.0,0.006449398621916771,0.007728122472763062,0.006366493701934814,1.0,1200.0,0.0,-0.15983225385317323,0.9995126550425875,0.9995127839346987,-0.15983225385317323,0.9995126550425875,0.9995127839346987,0.007040077804995235,0.23903333613658706,3.073491434101607
scripts\BMA-Study\EG10\full_vs_Grim_EG10.db,EG10,full_vs_Grim_EG10.db,1_2_2_Chicken-1_1_1_Prisoners-1_2_2_Chicken,20260308-173228,cadb35fb,1,10.0,Full,Grim,0,1_2_2_Chicken,0,800,800,0.4516946395021611,0.4713790400432227,0.505165887858984,0.0,,0.12215025000274181,0.1451364916563034,0.07404676735401154,0.34125,187.0,0.0,-0.253623435185121,-0.1333015110407307,-0.13330158408651646,0.1516387540005346,-0.3916423778225407,-0.39164251439503744,7.216550449603237,-2.74418997667279,2.383598559075969
scripts\BMA-Study\EG10\full_vs_Grim_EG10.db,EG10,full_vs_Grim_EG10.db,1_2_2_Chicken-1_1_1_Prisoners-1_2_2_Chicken,20260308-173228,cadb35fb,1,10.0,Full,Grim,1,1_1_1_Prisoners,800,1200,400,0.10439548484282568,0.01048473859205842,0.27353292882442476,0.585,800.0,0.10439548484282568,0.01048473859205842,0.27353292882442476,0.585,800.0,0.0,-0.9582980165313117,0.9949212675895015,0.9949232337427933,-0.9582980165313117,0.9949212675895015,0.9949232337427933,0.2923445832496509,-0.15975853360875683,2.9597337835632946
scripts\BMA-Study\EG10\full_vs_Grim_EG10.db,EG10,full_vs_Grim_EG10.db,1_2_2_Chicken-1_1_1_Prisoners-1_2_2_Chicken,20260308-173228,cadb35fb,1,10.0,Full,Grim,2,1_2_2_Chicken,1200,2000,800,0.30753248230320396,0.0238337242603302,0.49618594738954336,0.21125,1202.0,0.08083013713359832,0.0238337242603302,0.00776736319065094,0.66,1202.0,0.0,-0.38688687577635444,0.9528916509032204,0.952891396162801,-0.05780778844821742,-0.46250739339110974,-0.46250688911984217,5.27416506462032,1.1131137597459324,3.3835110765206595
scripts\BMA-Study\EG10\full_vs_Grim_EG10.db,EG10,full_vs_Grim_EG10.db,3_2_2_StagHunt-1_1_1_Prisoners-3_2_2_StagHunt,20260308-173250,cadb35fb,1,10.0,Full,Grim,0,3_2_2_StagHunt,0,800,800,0.44106941692277274,0.47151762976481804,0.4871658305763728,0.0,,0.08137039877474309,0.14522935301065446,0.02833891600370407,0.635,187.0,0.0,0.325181809782221,-0.04825270409025946,-0.048252535579450785,0.2907329574342432,-0.3894526423174652,-0.38945282365186457,4.596654154725838,-1.6747736957960058,2.5970473216457024
scripts\BMA-Study\EG10\full_vs_Grim_EG10.db,EG10,full_vs_Grim_EG10.db,3_2_2_StagHunt-1_1_1_Prisoners-3_2_2_StagHunt,20260308-173250,cadb35fb,1,10.0,Full,Grim,1,1_1_1_Prisoners,800,1200,400,0.21756317378599133,0.8619456439740903,0.12617520853877068,0.2425,843.0,0.11147710479679518,0.013257092060521246,0.12617520853877068,0.3475,801.0,0.1075,-0.360755254720342,-0.06161832261451634,-0.06161832261451634,-0.5487041794011212,-0.6221425758910993,-0.6221425758910993,12.286250475607812,-3.62803695716729,2.2262145667811293
scripts\BMA-Study\EG10\full_vs_Grim_EG10.db,EG10,full_vs_Grim_EG10.db,3_2_2_StagHunt-1_1_1_Prisoners-3_2_2_StagHunt,20260308-173250,cadb35fb,1,10.0,Full,Grim,2,3_2_2_StagHunt,1200,2000,800,0.2965262306242912,0.32986241714996567,0.4695229848380471,0.0975,1323.0,0.1304221974639222,0.17155669033527374,0.03432562828063965,0.3725,1302.0,0.0,-0.0028280705446430943,0.2421255258464954,0.24212814291362747,-0.2631833782657584,-0.012934383269387728,-0.012934889160708729,2.2935622098762543,-2.3417343190959854,2.4539973613796144
scripts\BMA-Study\EG10\full_vs_TFT_EG10.db,EG10,full_vs_TFT_EG10.db,1_2_2_Chicken-1_1_1_Prisoners-1_2_2_Chicken,20260223-203042,b20a5067,1,10.0,Full,TFT,0,1_2_2_Chicken,0,800,800,0.5010686364844418,0.5326178300940085,0.4999803948970247,0.00125,,0.016135801430791616,0.051430104970932006,0.009171919226646423,0.96875,0.0,0.0,0.1852366770531747,0.20547516574987917,0.20546413666555013,0.3249410277474077,0.5064757394959962,0.5064754913420043,15.60516086436808,-4.981054219831424,2.0025439195566936
scripts\BMA-Study\EG10\full_vs_TFT_EG10.db,EG10,full_vs_TFT_EG10.db,1_2_2_Chicken-1_1_1_Prisoners-1_2_2_Chicken,20260223-203042,b20a5067,1,10.0,Full,TFT,1,1_1_1_Prisoners,800,1200,400,0.5732406800453426,0.16509091168642043,0.7985004531283992,0.0,,0.4062745448201895,0.16509091168642043,0.507193591594696,0.0,,0.2725,0.7266884421780805,0.8145829654613679,0.8145915623312597,0.7211123970109993,0.8069513458784754,0.8069532717571913,9.563043463453651,-4.445637742027394,2.078565773040074
scripts\BMA-Study\EG10\full_vs_TFT_EG10.db,EG10,full_vs_TFT_EG10.db,1_2_2_Chicken-1_1_1_Prisoners-1_2_2_Chicken,20260223-203042,b20a5067,1,10.0,Full,TFT,2,1_2_2_Chicken,1200,2000,800,0.5068127361364779,0.6062959690324953,0.4992627240612073,0.0,,0.02017870083451271,0.1586579215526581,0.003813185691833496,0.92,1274.0,0.0,0.17178927014768033,0.24037605533017525,0.2403915708712124,0.18803835120285495,0.1673769384715634,0.16737751291627304,16.479568962603807,-4.959478556008138,2.0056032020631966
scripts\BMA-Study\EG10\full_vs_TFT_EG10.db,EG10,full_vs_TFT_EG10.db,3_2_2_StagHunt-1_1_1_Prisoners-3_2_2_StagHunt,20260223-203116,b20a5067,1,10.0,Full,TFT,0,3_2_2_StagHunt,0,800,800,0.4858108454431092,0.47322085554662835,0.4782682692496533,0.0,,0.016849870886653663,0.034251869916915895,0.02440020889043808,0.985,26.0,0.0,0.24670994082238268,-0.04995505118027101,-0.04995500547540479,-0.16887184328173532,0.012592361104739016,0.012592314524171378,12.498034799359738,-3.673802973524318,2.201543183599632
scripts\BMA-Study\EG10\full_vs_TFT_EG10.db,EG10,full_vs_TFT_EG10.db,3_2_2_StagHunt-1_1_1_Prisoners-3_2_2_StagHunt,20260223-203116,b20a5067,1,10.0,Full,TFT,1,1_1_1_Prisoners,800,1200,400,0.36607832927621353,0.048603750690817835,0.8346946038539609,0.3975,802.0,0.25895487039349974,0.048603750690817835,0.5057994931936264,0.3975,802.0,0.1825,0.10008568811592732,0.3308620810804991,0.33086683575824255,0.09801192321074115,0.3331100348430404,0.3331147995313334,10.332413670197129,-4.530280851255285,2.0676389638176755
scripts\BMA-Study\EG10\full_vs_TFT_EG10.db,EG10,full_vs_TFT_EG10.db,3_2_2_StagHunt-1_1_1_Prisoners-3_2_2_StagHunt,20260223-203116,b20a5067,1,10.0,Full,TFT,2,3_2_2_StagHunt,1200,2000,800,0.4876086682839687,0.3278711688518524,0.49946215910848535,0.0,,0.012268746234476567,0.16532342076301576,0.0006765151023864747,0.95,1240.0,0.0,-0.1558357656541478,0.14590818863491792,0.14586668147140686,0.14353930632759312,-0.36714276726044004,-0.36713506604766477,16.306038341522218,-4.990856819409718,2.0012249754156097
scripts\BMA-Study\EG10\Grim_vs_Grim_EG10.db,EG10,Grim_vs_Grim_EG10.db,1_2_2_Chicken-1_1_1_Prisoners-1_2_2_Chicken,20260308-172906,cadb35fb,1,10.0,Full Grim,Grim,0,1_2_2_Chicken,0,800,800,0.17967797631085042,0.44793921468077047,0.1096577180632422,0.49125,40.0,0.11567890067672124,0.05614822452887893,0.0968603926897049,0.545,40.0,0.0,0.514579204503036,-0.537810982975267,-0.5378111010504993,0.2467590621916041,-0.26525828194316403,-0.2652583936303598,2.2224230181254097,0.6497277486604136,3.437998362865977
scripts\BMA-Study\EG10\Grim_vs_Grim_EG10.db,EG10,Grim_vs_Grim_EG10.db,1_2_2_Chicken-1_1_1_Prisoners-1_2_2_Chicken,20260308-172906,cadb35fb,1,10.0,Full Grim,Grim,1,1_1_1_Prisoners,800,1200,400,0.24891554894391446,0.09853956799954176,0.10445576012134553,0.2575,802.0,0.24891554894391446,0.09853956799954176,0.10445576012134553,0.2575,802.0,0.0,0.012864646522223107,-0.08904790244235525,-0.08904825465503155,0.012864646522223107,-0.08904790244235525,-0.08904825465503155,7.583174141934723,2.266720695853433,3.879855439425138
scripts\BMA-Study\EG10\Grim_vs_Grim_EG10.db,EG10,Grim_vs_Grim_EG10.db,1_2_2_Chicken-1_1_1_Prisoners-1_2_2_Chicken,20260308-172906,cadb35fb,1,10.0,Full Grim,Grim,2,1_2_2_Chicken,1200,2000,800,0.08043760590255261,0.022978955507278444,0.09554142951965332,0.9975,1202.0,0.08029468782246113,0.02069226622581482,0.09554142951965332,0.9975,1202.0,0.0,-0.9806776708709628,0.9993210954270842,0.9993215053377138,-0.9806776708709628,0.9993210954270842,0.9993215053377138,3.6625387062635855,2.285755961024819,3.8893927891139004
scripts\BMA-Study\EG10\Grim_vs_Grim_EG10.db,EG10,Grim_vs_Grim_EG10.db,3_2_2_StagHunt-1_1_1_Prisoners-3_2_2_StagHunt,20260308-172928,cadb35fb,1,10.0,Full Grim,Grim,0,3_2_2_StagHunt,0,800,800,0.19964704538122863,0.5383342559226515,0.09585555627942086,0.61375,212.0,0.08369457719909405,0.012713692694087514,0.09585555627942086,0.78375,0.0,0.0,0.4846473741144017,-0.5540838286846612,-0.5540884018019386,-0.1979730466719196,0.23025720282860299,0.23025362746422542,2.4028898797897273,0.6645276888897713,3.429566236771288
scripts\BMA-Study\EG10\Grim_vs_Grim_EG10.db,EG10,Grim_vs_Grim_EG10.db,3_2_2_StagHunt-1_1_1_Prisoners-3_2_2_StagHunt,20260308-172928,cadb35fb,1,10.0,Full Grim,Grim,1,1_1_1_Prisoners,800,1200,400,0.0919686771556735,0.0923177346587181,0.09201485738158226,1.0,800.0,0.0919686771556735,0.0923177346587181,0.09201485738158226,1.0,800.0,0.0,-0.1996557866296732,0.8409140451200798,0.8407645823321541,-0.1996557866296732,0.8409140451200798,0.8407645823321541,0.00519831872836221,2.325470986344663,3.90904360926082
scripts\BMA-Study\EG10\Grim_vs_Grim_EG10.db,EG10,Grim_vs_Grim_EG10.db,3_2_2_StagHunt-1_1_1_Prisoners-3_2_2_StagHunt,20260308-172928,cadb35fb,1,10.0,Full Grim,Grim,2,3_2_2_StagHunt,1200,2000,800,0.09593522695824504,0.09604507669806481,0.09592845380306243,1.0,1200.0,0.09593522695824504,0.09604507669806481,0.09592845380306243,1.0,1200.0,0.0,-0.023461866852183787,0.46886226890183513,0.4686159085055683,-0.023461866852183787,0.46886226890183513,0.4686159085055683,0.004954291169997305,2.330475910043091,3.911589275145431
scripts\BMA-Study\EG10\TFT_vs_TFT_EG10.db,EG10,TFT_vs_TFT_EG10.db,1_2_2_Chicken-1_1_1_Prisoners-1_2_2_Chicken,20260223-203455,b20a5067,1,10.0,Full TFT,TFT,0,1_2_2_Chicken,0,800,800,0.6955806873970123,0.6062693799444986,0.7037571211833865,0.00125,,0.007788968533277512,0.0055660676956176755,0.004749290943145752,1.0,0.0,0.0,-0.7767795541043269,0.9127087637570966,0.9127132595043128,0.6310071509600974,-0.7599034676980908,-0.7599071764198825,0.6915061782090924,0.6357580314850267,3.260375145105164
scripts\BMA-Study\EG10\TFT_vs_TFT_EG10.db,EG10,TFT_vs_TFT_EG10.db,1_2_2_Chicken-1_1_1_Prisoners-1_2_2_Chicken,20260223-203455,b20a5067,1,10.0,Full TFT,TFT,1,1_1_1_Prisoners,800,1200,400,1.3338509998353163,1.3388312782878808,1.3349471079598474,0.0,,0.882665768712759,0.8900147199630737,0.8843006861209869,0.0,,1.0,0.21276246597929283,-0.9892795179060107,-0.9892935268073842,0.21276246597929283,-0.9892795179060107,-0.9892935268073842,0.0051370507973479106,1.3503460589536138,3.468348554725772
scripts\BMA-Study\EG10\TFT_vs_TFT_EG10.db,EG10,TFT_vs_TFT_EG10.db,1_2_2_Chicken-1_1_1_Prisoners-1_2_2_Chicken,20260223-203455,b20a5067,1,10.0,Full TFT,TFT,2,1_2_2_Chicken,1200,2000,800,0.7038829697232089,0.7028991427919629,0.7039474840888856,0.0,,0.004570600315928459,0.005982612371444702,0.004477992057800293,1.0,1200.0,0.0,0.23253202410091062,-0.9695997487335611,-0.9696461484328808,-0.23253202410091062,0.9695997487335611,0.9696461484328808,0.004998098833893892,1.2877042968388057,3.4434093074222063
scripts\BMA-Study\EG10\TFT_vs_TFT_EG10.db,EG10,TFT_vs_TFT_EG10.db,3_2_2_StagHunt-1_1_1_Prisoners-3_2_2_StagHunt,20260223-203527,b20a5067,1,10.0,Full TFT,TFT,0,3_2_2_StagHunt,0,800,800,0.46660396702587065,0.4059733744569553,0.4910676278266656,0.03,,0.022024734255683142,0.015573167954571546,0.010831694006919862,0.93875,0.0,0.0,-0.15851610818067244,-0.11799238805247012,-0.117922782760122,0.25493945146068503,0.2012222655002355,0.20110980489187275,15.256769367661327,-4.862055289656292,2.0204845838269567
scripts\BMA-Study\EG10\TFT_vs_TFT_EG10.db,EG10,TFT_vs_TFT_EG10.db,3_2_2_StagHunt-1_1_1_Prisoners-3_2_2_StagHunt,20260223-203527,b20a5067,1,10.0,Full TFT,TFT,1,1_1_1_Prisoners,800,1200,400,0.7892664964787841,0.39379758717675967,1.1744350013940088,0.0,,0.5029190598987043,0.28719994410872457,0.7136135238409043,0.0,,0.4875,0.7630677066731666,0.23915268220426375,0.23915259966402627,0.6661037880959086,0.24491039740033457,0.2449103151299829,14.658287061825394,-4.292520111248525,2.100933270044492
scripts\BMA-Study\EG10\TFT_vs_TFT_EG10.db,EG10,TFT_vs_TFT_EG10.db,3_2_2_StagHunt-1_1_1_Prisoners-3_2_2_StagHunt,20260223-203527,b20a5067,1,10.0,Full TFT,TFT,2,3_2_2_StagHunt,1200,2000,800,0.4825724417754238,0.44295296318830857,0.4950435939566043,0.0,,0.01826992930844426,0.06029811382293701,0.0054967373609542845,0.9375,1207.0,0.0,-0.15989096996097968,-0.23203195090154138,-0.2320184809761229,0.23103350216003943,0.3394553334759783,0.33945518871307556,15.523081597201527,-4.926289984811752,2.0100516941041637
scripts\BMA-Study\EG10_group\full_vs_Grim_EG10.db,EG10_group,full_vs_Grim_EG10.db,1_2_2_Chicken-1_1_1_Prisoners-1_2_2_Chicken,20260309-145420,d6554bb8,3,10.0,Full,Grim,0,1_2_2_Chicken,0,800,800,0.4681690426990746,0.4830719652495133,0.451303179414965,0.0,,0.10616555800661445,0.14046587258577348,0.15160630226135255,0.465,190.0,0.0,0.013548757124965229,-0.2577405103612005,-0.257740228141529,-0.040091806309220414,-0.007858392280640943,-0.007858047079457415,6.997070797625929,-3.02793630128526,2.3237716930845305
scripts\BMA-Study\EG10_group\full_vs_Grim_EG10.db,EG10_group,full_vs_Grim_EG10.db,1_2_2_Chicken-1_1_1_Prisoners-1_2_2_Chicken,20260309-145420,d6554bb8,3,10.0,Full,Grim,1,1_1_1_Prisoners,800,1200,400,0.2894537240033969,0.03507491771131754,0.3650683057308197,0.22,802.0,0.2894537240033969,0.03507491771131754,0.3650683057308197,0.22,802.0,0.0,-0.24502404480853576,0.7432065504718,0.7432030619939123,-0.24502404480853576,0.7432065504718,0.7432030619939123,1.938357231412083,-1.2553765697210884,2.674322105458227
scripts\BMA-Study\EG10_group\full_vs_Grim_EG10.db,EG10_group,full_vs_Grim_EG10.db,1_2_2_Chicken-1_1_1_Prisoners-1_2_2_Chicken,20260309-145420,d6554bb8,3,10.0,Full,Grim,2,1_2_2_Chicken,1200,2000,800,0.3873860732131604,0.029357020854949952,0.49138383656353823,0.12,1202.0,0.04965706814080477,0.029357020854949952,0.01953790009021759,0.84125,1202.0,0.0,0.07305927821762223,0.5941787955918681,0.5941787955918681,-0.04047411816546267,-0.5248292606208912,-0.5248292606208912,8.595424383906648,0.5770006787630945,3.19421009175554
scripts\BMA-Study\EG10_group\full_vs_Grim_EG10.db,EG10_group,full_vs_Grim_EG10.db,1_2_2_Chicken-1_1_1_Prisoners-1_2_2_Chicken,20260309-145420,d6554bb8,2,10.0,Full,Grim,0,1_2_2_Chicken,0,800,800,0.4583399036786844,0.4484040771902626,0.43443210926949777,0.0,,0.11136465979740023,0.15481706768274306,0.14954810112714767,0.465,176.0,0.0,-0.014981876204375034,-0.21613114268129116,-0.2161311072033654,0.07851486857103276,-0.0623034542204985,-0.06230329344142382,6.885366909897421,-3.013657499314543,2.326595976385982
scripts\BMA-Study\EG10_group\full_vs_Grim_EG10.db,EG10_group,full_vs_Grim_EG10.db,1_2_2_Chicken-1_1_1_Prisoners-1_2_2_Chicken,20260309-145420,d6554bb8,2,10.0,Full,Grim,1,1_1_1_Prisoners,800,1200,400,0.2666251914203167,0.027083939239382744,0.38096718907356264,0.25,800.0,0.2666251914203167,0.027083939239382744,0.38096718907356264,0.25,800.0,0.0,-0.22861574067000243,0.8202447333792574,0.8202511058356061,-0.22861574067000243,0.8202447333792574,0.8202511058356061,1.9564543328853323,-1.062074026610084,2.7221191900089026
scripts\BMA-Study\EG10_group\full_vs_Grim_EG10.db,EG10_group,full_vs_Grim_EG10.db,1_2_2_Chicken-1_1_1_Prisoners-1_2_2_Chicken,20260309-145420,d6554bb8,2,10.0,Full,Grim,2,1_2_2_Chicken,1200,2000,800,0.379278393824042,0.02688577651977539,0.4847866795905675,0.14625,1202.0,0.05629221748560667,0.02688577651977539,0.01960863411426544,0.8325,1202.0,0.0,0.16534811805131847,0.7563150086919338,0.7563149301082023,0.00225828980956229,-0.5502400347748247,-0.5502399392864766,7.974657996820752,0.6982719800656085,3.234632498442374
scripts\BMA-Study\EG10_group\full_vs_Grim_EG10.db,EG10_group,full_vs_Grim_EG10.db,1_2_2_Chicken-1_1_1_Prisoners-1_2_2_Chicken,20260309-145420,d6554bb8,4,10.0,Full,Grim,0,1_2_2_Chicken,0,800,800,0.4545729519685347,0.48338187249265674,0.48049892718406445,0.0,,0.08674157371744513,0.14060337901115416,0.05490308523178101,0.63625,137.0,0.0,-0.3093411678044855,-0.1239817744071648,-0.12398160080186432,0.2669183256064664,-0.24304066292866386,-0.24304056173012065,7.991404145229608,-1.7871316363730736,2.6089702053386894
scripts\BMA-Study\EG10_group\full_vs_Grim_EG10.db,EG10_group,full_vs_Grim_EG10.db,1_2_2_Chicken-1_1_1_Prisoners-1_2_2_Chicken,20260309-145420,d6554bb8,4,10.0,Full,Grim,1,1_1_1_Prisoners,800,1200,400,0.035628553997376,0.009407463655807078,0.08891710922122002,0.9925,800.0,0.035628553997376,0.009407463655807078,0.08891710922122002,0.9925,800.0,0.0,-0.9646711117347134,0.9847939444436701,0.984797875574707,-0.9646711117347134,0.9847939444436701,0.984797875574707,0.8363457333575934,0.3943791070444114,3.1269789288525063
scripts\BMA-Study\EG10_group\full_vs_Grim_EG10.db,EG10_group,full_vs_Grim_EG10.db,1_2_2_Chicken-1_1_1_Prisoners-1_2_2_Chicken,20260309-145420,d6554bb8,4,10.0,Full,Grim,2,1_2_2_Chicken,1200,2000,800,0.17512142047286033,0.04465454816818237,0.3453128945827484,0.3075,1204.0,0.14103518262505532,0.03459059715270996,0.15468710541725159,0.30875,1204.0,0.0,-0.9828832035252174,0.9905465055602077,0.9905460673489982,-0.8095872524592022,0.8137214766221509,0.813723057450827,2.7705263530963564,1.3667596867534793,3.4790054883620782
scripts\BMA-Study\EG10_group\full_vs_Grim_EG10.db,EG10_group,full_vs_Grim_EG10.db,1_2_2_Chicken-1_1_1_Prisoners-1_2_2_Chicken,20260309-145420,d6554bb8,7,10.0,Full,Grim,0,1_2_2_Chicken,0,800,800,0.4767742803183006,0.5063252986232284,0.5105028870006186,0.0,,0.11934066404588521,0.13049492359161377,0.07490204870700837,0.415,223.0,0.0,-0.2788789814174648,-0.1337429680173241,-0.13374284731900413,-0.09695647708670711,-0.3157477639756951,-0.315747646476741,6.887592630707659,-2.6816543472083767,2.3978418750015926
scripts\BMA-Study\EG10_group\full_vs_Grim_EG10.db,EG10_group,full_vs_Grim_EG10.db,1_2_2_Chicken-1_1_1_Prisoners-1_2_2_Chicken,20260309-145420,d6554bb8,7,10.0,Full,Grim,1,1_1_1_Prisoners,800,1200,400,0.07468829475576058,0.012918587755411864,0.18874978095293046,0.725,800.0,0.07468829475576058,0.012918587755411864,0.18874978095293046,0.725,800.0,0.0,-0.9629334973924695,0.9907582174902425,0.9907552604331974,-0.9629334973924695,0.9907582174902425,0.9907552604331974,0.1482504027383402,-0.11315711553945365,2.9714555045480426
scripts\BMA-Study\EG10_group\full_vs_Grim_EG10.db,EG10_group,full_vs_Grim_EG10.db,1_2_2_Chicken-1_1_1_Prisoners-1_2_2_Chicken,20260309-145420,d6554bb8,7,10.0,Full,Grim,2,1_2_2_Chicken,1200,2000,800,0.3396572112037599,0.034782646894454955,0.49033477599781217,0.1575,1203.0,0.07540667474269867,0.033495689630508425,0.013893484473228454,0.69,1203.0,0.0,-0.21287549440387388,0.9194552115976828,0.9194563043126648,0.05193920304969632,-0.6371884746149964,-0.6371894747110094,6.073872494669631,1.170269573049007,3.4042040787439225
scripts\BMA-Study\EG10_group\full_vs_Grim_EG10.db,EG10_group,full_vs_Grim_EG10.db,1_2_2_Chicken-1_1_1_Prisoners-1_2_2_Chicken,20260309-145420,d6554bb8,1,10.0,Full,Grim,0,1_2_2_Chicken,0,800,800,0.4516946395021611,0.4713790400432227,0.505165887858984,0.0,,0.12215025000274181,0.1451364916563034,0.07404676735401154,0.34125,187.0,0.0,-0.253623435185121,-0.1333015110407307,-0.13330158408651646,0.1516387540005346,-0.3916423778225407,-0.39164251439503744,7.216550449603237,-2.74418997667279,2.383598559075969
scripts\BMA-Study\EG10_group\full_vs_Grim_EG10.db,EG10_group,full_vs_Grim_EG10.db,1_2_2_Chicken-1_1_1_Prisoners-1_2_2_Chicken,20260309-145420,d6554bb8,1,10.0,Full,Grim,1,1_1_1_Prisoners,800,1200,400,0.10439548484282568,0.01048473859205842,0.27353292882442476,0.585,800.0,0.10439548484282568,0.01048473859205842,0.27353292882442476,0.585,800.0,0.0,-0.9582980165313117,0.9949212675895015,0.9949232337427933,-0.9582980165313117,0.9949212675895015,0.9949232337427933,0.2923445832496509,-0.15975853360875683,2.9597337835632946
scripts\BMA-Study\EG10_group\full_vs_Grim_EG10.db,EG10_group,full_vs_Grim_EG10.db,1_2_2_Chicken-1_1_1_Prisoners-1_2_2_Chicken,20260309-145420,d6554bb8,1,10.0,Full,Grim,2,1_2_2_Chicken,1200,2000,800,0.30753248230320396,0.0238337242603302,0.49618594738954336,0.21125,1202.0,0.08083013713359832,0.0238337242603302,0.00776736319065094,0.66,1202.0,0.0,-0.38688687577635444,0.9528916509032204,0.952891396162801,-0.05780778844821742,-0.46250739339110974,-0.46250688911984217,5.27416506462032,1.1131137597459324,3.3835110765206595
scripts\BMA-Study\EG10_group\full_vs_Grim_EG10.db,EG10_group,full_vs_Grim_EG10.db,1_2_2_Chicken-1_1_1_Prisoners-1_2_2_Chicken,20260309-145420,d6554bb8,5,10.0,Full,Grim,0,1_2_2_Chicken,0,800,800,0.42315304769416656,0.5255135205869186,0.4705231220522334,0.0,,0.10318907719105481,0.11091563820838929,0.045450617671012876,0.58,0.0,0.0,-0.3103598060533864,-0.08647985954252649,-0.08647982489188288,0.28109461814491715,-0.24268818981008772,-0.24268815607475666,8.399566452498547,-2.184989994555427,2.521994925583925
scripts\BMA-Study\EG10_group\full_vs_Grim_EG10.db,EG10_group,full_vs_Grim_EG10.db,1_2_2_Chicken-1_1_1_Prisoners-1_2_2_Chicken,20260309-145420,d6554bb8,5,10.0,Full,Grim,1,1_1_1_Prisoners,800,1200,400,0.07028001037775539,0.014704345362260937,0.18070815175771712,0.695,801.0,0.07028001037775539,0.014704345362260937,0.18070815175771712,0.695,801.0,0.0,-0.956423426985773,0.9895785491121294,0.9895812620274461,-0.956423426985773,0.9895785491121294,0.9895812620274461,0.5672905214224011,0.4108288228269765,3.133731037236112
scripts\BMA-Study\EG10_group\full_vs_Grim_EG10.db,EG10_group,full_vs_Grim_EG10.db,1_2_2_Chicken-1_1_1_Prisoners-1_2_2_Chicken,20260309-145420,d6554bb8,5,10.0,Full,Grim,2,1_2_2_Chicken,1200,2000,800,0.13099415242671966,0.02310970664024353,0.2811537504196167,0.44625,1202.0,0.12578805208206176,0.02298545718193054,0.2188462495803833,0.44625,1202.0,0.0,-0.988777985006166,0.9940767757900224,0.9940773684833891,-0.9722629682121269,0.9778148039113165,0.9778151486016209,2.662708131012041,1.2985932408099818,3.453249035228962
scripts\BMA-Study\EG10_group\full_vs_Grim_EG10.db,EG10_group,full_vs_Grim_EG10.db,1_2_2_Chicken-1_1_1_Prisoners-1_2_2_Chicken,20260309-145420,d6554bb8,8,10.0,Full,Grim,0,1_2_2_Chicken,0,800,800,0.4633766463782362,0.48337015686495266,0.44652037459370847,0.0,,0.1265480318106711,0.14060377240180968,0.07606363654136658,0.3725,237.0,0.0,-0.39289447184035053,-0.08301817991140349,-0.08301826143547957,0.12415536813964533,-0.013725437564190524,-0.013725561497872827,6.9009545351751145,-2.6191721451116843,2.41195202767516
scripts\BMA-Study\EG10_group\full_vs_Grim_EG10.db,EG10_group,full_vs_Grim_EG10.db,1_2_2_Chicken-1_1_1_Prisoners-1_2_2_Chicken,20260309-145420,d6554bb8,8,10.0,Full,Grim,1,1_1_1_Prisoners,800,1200,400,0.0747751869331114,0.0109109266102314,0.2007988092303276,0.6825,800.0,0.0747751869331114,0.0109109266102314,0.2007988092303276,0.6825,800.0,0.0,-0.9648576279250936,0.9917461047365171,0.9917462411047694,-0.9648576279250936,0.9917461047365171,0.9917462411047694,0.18486182591877878,-0.0897201351902255,2.9794336199750133
scripts\BMA-Study\EG10_group\full_vs_Grim_EG10.db,EG10_group,full_vs_Grim_EG10.db,1_2_2_Chicken-1_1_1_Prisoners-1_2_2_Chicken,20260309-145420,d6554bb8,8,10.0,Full,Grim,2,1_2_2_Chicken,1200,2000,800,0.33280285069792603,0.030268354415893553,0.4849071297179291,0.17,1202.0,0.07219232391566038,0.030203731060028077,0.016722827553749084,0.70375,1202.0,0.0,-0.1844429044529049,0.8985244594409347,0.8985236843789447,-0.03937007140442851,-0.5734436519608461,-0.5734431059767195,6.24270263033919,1.2484157377841014,3.4353804711230937
scripts\BMA-Study\EG10_group\full_vs_Grim_EG10.db,EG10_group,full_vs_Grim_EG10.db,1_2_2_Chicken-1_1_1_Prisoners-1_2_2_Chicken,20260309-145420,d6554bb8,6,10.0,Full,Grim,0,1_2_2_Chicken,0,800,800,0.460202001971962,0.5221486197485716,0.48897420524231017,0.0,,0.11970917575061321,0.09622658729553223,0.06912340015172959,0.435,0.0,0.0,-0.5007778050350357,-0.021448816229691674,-0.021448816229691674,0.030565092004125567,-0.3718215341633946,-0.3718215341633946,8.064322006530128,-2.4565410382694064,2.4564849968468057
scripts\BMA-Study\EG10_group\full_vs_Grim_EG10.db,EG10_group,full_vs_Grim_EG10.db,1_2_2_Chicken-1_1_1_Prisoners-1_2_2_Chicken,20260309-145420,d6554bb8,6,10.0,Full,Grim,1,1_1_1_Prisoners,800,1200,400,0.04630073395790532,0.008738273316994309,0.12525609835982324,0.8925,800.0,0.04630073395790532,0.008738273316994309,0.12525609835982324,0.8925,800.0,0.0,-0.9735732028735054,0.9896189671478605,0.9896234599086747,-0.9735732028735054,0.9896189671478605,0.9896234599086747,0.6616875213198363,-0.014226493230203054,3.0009803824542467
scripts\BMA-Study\EG10_group\full_vs_Grim_EG10.db,EG10_group,full_vs_Grim_EG10.db,1_2_2_Chicken-1_1_1_Prisoners-1_2_2_Chicken,20260309-145420,d6554bb8,6,10.0,Full,Grim,2,1_2_2_Chicken,1200,2000,800,0.27833763916579685,0.041875486373901365,0.483854689798425,0.22875,1203.0,0.0990321933850646,0.036585261821746824,0.01903745412826538,0.5675,1203.0,0.0,-0.6216926948616545,0.9847193632217346,0.984718988205657,-0.09583745079146773,-0.3022436794951763,-0.3022423118708631,3.806905128867365,1.1979710488458972,3.4138321400280462
scripts\BMA-Study\EG10_group\full_vs_Grim_EG10.db,EG10_group,full_vs_Grim_EG10.db,3_2_2_StagHunt-1_1_1_Prisoners-3_2_2_StagHunt,20260309-150558,d6554bb8,1,10.0,Full,Grim,0,3_2_2_StagHunt,0,800,800,0.44106941692277274,0.47151762976481804,0.4871658305763728,0.0,,0.08137039877474309,0.14522935301065446,0.02833891600370407,0.635,187.0,0.0,0.325181809782221,-0.04825270409025946,-0.048252535579450785,0.2907329574342432,-0.3894526423174652,-0.38945282365186457,4.596654154725838,-1.6747736957960058,2.5970473216457024
scripts\BMA-Study\EG10_group\full_vs_Grim_EG10.db,EG10_group,full_vs_Grim_EG10.db,3_2_2_StagHunt-1_1_1_Prisoners-3_2_2_StagHunt,20260309-150558,d6554bb8,1,10.0,Full,Grim,1,1_1_1_Prisoners,800,1200,400,0.21756317378599133,0.8619456439740903,0.12617520853877068,0.2425,843.0,0.11147710479679518,0.013257092060521246,0.12617520853877068,0.3475,801.0,0.1075,-0.360755254720342,-0.06161832261451634,-0.06161832261451634,-0.5487041794011212,-0.6221425758910993,-0.6221425758910993,12.286250475607812,-3.62803695716729,2.2262145667811293
scripts\BMA-Study\EG10_group\full_vs_Grim_EG10.db,EG10_group,full_vs_Grim_EG10.db,3_2_2_StagHunt-1_1_1_Prisoners-3_2_2_StagHunt,20260309-150558,d6554bb8,1,10.0,Full,Grim,2,3_2_2_StagHunt,1200,2000,800,0.2965262306242912,0.32986241714996567,0.4695229848380471,0.0975,1323.0,0.1304221974639222,0.17155669033527374,0.03432562828063965,0.3725,1302.0,0.0,-0.0028280705446430943,0.2421255258464954,0.24212814291362747,-0.2631833782657584,-0.012934383269387728,-0.012934889160708729,2.2935622098762543,-2.3417343190959854,2.4539973613796144
scripts\BMA-Study\EG10_group\full_vs_Grim_EG10.db,EG10_group,full_vs_Grim_EG10.db,3_2_2_StagHunt-1_1_1_Prisoners-3_2_2_StagHunt,20260309-150558,d6554bb8,5,10.0,Full,Grim,0,3_2_2_StagHunt,0,800,800,0.44416920200281146,0.5255396946989824,0.48406419804434214,0.0,,0.08904349928721786,0.11098075270652771,0.030446585714817048,0.615,0.0,0.0,0.28263637069191105,-0.10519960603882837,-0.10519999554203358,0.39101888716321515,-0.3993836815214164,-0.39938333341129756,4.777647390768397,-1.7941895727681316,2.572101672134496
scripts\BMA-Study\EG10_group\full_vs_Grim_EG10.db,EG10_group,full_vs_Grim_EG10.db,3_2_2_StagHunt-1_1_1_Prisoners-3_2_2_StagHunt,20260309-150558,d6554bb8,5,10.0,Full,Grim,1,1_1_1_Prisoners,800,1200,400,0.2224088245986948,0.9411599521957235,0.1250516802072525,0.25,847.0,0.10672141451039352,0.015660671489313244,0.1250516802072525,0.365,801.0,0.1175,-0.34563628522678264,-0.03138544615903849,-0.03138544615903849,-0.5553419083869274,-0.6267491046819041,-0.6267491046819041,12.319192563295365,-3.5729161064614208,2.2366967528878523
scripts\BMA-Study\EG10_group\full_vs_Grim_EG10.db,EG10_group,full_vs_Grim_EG10.db,3_2_2_StagHunt-1_1_1_Prisoners-3_2_2_StagHunt,20260309-150558,d6554bb8,5,10.0,Full,Grim,2,3_2_2_StagHunt,1200,2000,800,0.2906575776177678,0.3763838256818637,0.471242196559906,0.11625,1329.0,0.12528353608679027,0.12775851726531984,0.028757803440093994,0.3975,1301.0,0.0,-0.053565454804463265,0.177130098629214,0.17713844405649493,-0.2739462029947391,0.1121694664240004,0.11216598318986752,1.9374069144390524,-2.4236753500646167,2.4381770708783366
scripts\BMA-Study\EG10_group\full_vs_Grim_EG10.db,EG10_group,full_vs_Grim_EG10.db,3_2_2_StagHunt-1_1_1_Prisoners-3_2_2_StagHunt,20260309-150558,d6554bb8,2,10.0,Full,Grim,0,3_2_2_StagHunt,0,800,800,0.44332831162898,0.44835937643552926,0.44125523820065965,0.0,,0.0775292799808085,0.1547961112856865,0.07130475401878357,0.695,176.0,0.0,0.3840227828693406,-0.05369333902221141,-0.053693247473701765,0.195633652207504,-0.35202501617949533,-0.3520252181197271,4.829177331330721,-1.5697672876238806,2.618371245626311
scripts\BMA-Study\EG10_group\full_vs_Grim_EG10.db,EG10_group,full_vs_Grim_EG10.db,3_2_2_StagHunt-1_1_1_Prisoners-3_2_2_StagHunt,20260309-150558,d6554bb8,2,10.0,Full,Grim,1,1_1_1_Prisoners,800,1200,400,0.2260455684128539,0.9410417441445182,0.1278167062997818,0.245,847.0,0.11034274600911885,0.015419164914637804,0.1278167062997818,0.36,801.0,0.1175,-0.351978887368046,-0.033400896255601595,-0.033400896255601595,-0.5674805467534172,-0.6403660022875143,-0.6403660022875143,12.300337866134942,-3.531747837105313,2.243957774825354
scripts\BMA-Study\EG10_group\full_vs_Grim_EG10.db,EG10_group,full_vs_Grim_EG10.db,3_2_2_StagHunt-1_1_1_Prisoners-3_2_2_StagHunt,20260309-150558,d6554bb8,2,10.0,Full,Grim,2,3_2_2_StagHunt,1200,2000,800,0.28245191188694124,0.3671190331904473,0.29286191463470457,0.10625,1372.0,0.14283732586540282,0.14907076179981232,0.2071380853652954,0.33125,1319.0,0.0,0.13715552621392002,-0.0431307261891914,-0.04312530437720911,-0.35733190879742877,0.18896742613174816,0.18897205759078156,2.2039541414473205,-2.60003120500193,2.401840685675506
scripts\BMA-Study\EG10_group\full_vs_Grim_EG10.db,EG10_group,full_vs_Grim_EG10.db,3_2_2_StagHunt-1_1_1_Prisoners-3_2_2_StagHunt,20260309-150558,d6554bb8,3,10.0,Full,Grim,0,3_2_2_StagHunt,0,800,800,0.4466655206374147,0.4831058011364199,0.4899422606876097,0.0,,0.07997888341546058,0.1404755386710167,0.024603486359119416,0.65125,190.0,0.0,0.3918094121808035,-0.04440880822537224,-0.04440933231982684,0.2492171647157323,-0.41371845630005455,-0.41371795904939734,5.133386622131802,-1.6528537303120145,2.602018782611154
scripts\BMA-Study\EG10_group\full_vs_Grim_EG10.db,EG10_group,full_vs_Grim_EG10.db,3_2_2_StagHunt-1_1_1_Prisoners-3_2_2_StagHunt,20260309-150558,d6554bb8,3,10.0,Full,Grim,1,1_1_1_Prisoners,800,1200,400,0.22403174494570868,0.9409528411880735,0.12782492846250534,0.255,847.0,0.10829608898609877,0.01506759351119399,0.12782492846250534,0.37,801.0,0.1175,-0.3778776742354639,-0.05406052537828362,-0.05406052537828362,-0.5759966624791405,-0.6581536759604746,-0.6581536759604746,11.59466794738546,-3.562968835715248,2.2378600162447504
scripts\BMA-Study\EG10_group\full_vs_Grim_EG10.db,EG10_group,full_vs_Grim_EG10.db,3_2_2_StagHunt-1_1_1_Prisoners-3_2_2_StagHunt,20260309-150558,d6554bb8,3,10.0,Full,Grim,2,3_2_2_StagHunt,1200,2000,800,0.3019237084070499,0.3650749805178979,0.4347268835738929,0.08875,1380.0,0.1390098283998668,0.15447738349437715,0.06543863594532012,0.32125,1328.0,0.0,0.07830099557073504,0.0391746810922781,0.03917322619530758,-0.1794496470663281,-0.029230883534895415,-0.029231983263080654,2.3487530194874853,-2.3834204691268766,2.447475991851348
scripts\BMA-Study\EG10_group\full_vs_Grim_EG10.db,EG10_group,full_vs_Grim_EG10.db,3_2_2_StagHunt-1_1_1_Prisoners-3_2_2_StagHunt,20260309-150558,d6554bb8,4,10.0,Full,Grim,0,3_2_2_StagHunt,0,800,800,0.444296958140133,0.483474475532291,0.45660509356083695,0.0,,0.07618937673047185,0.140634104013443,0.05691601485013962,0.69,287.0,0.0,0.40026644278501317,-0.036850369460024984,-0.03685058234507234,0.18944667639787488,-0.3805414586754759,-0.3805412678017591,4.910005406206474,-1.579497806340622,2.6187751462324784
scripts\BMA-Study\EG10_group\full_vs_Grim_EG10.db,EG10_group,full_vs_Grim_EG10.db,3_2_2_StagHunt-1_1_1_Prisoners-3_2_2_StagHunt,20260309-150558,d6554bb8,4,10.0,Full,Grim,1,1_1_1_Prisoners,800,1200,400,0.22378894682761488,0.9408600402826235,0.12480036243796348,0.2575,847.0,0.10784822707530112,0.013334282264113427,0.12480036243796348,0.3725,801.0,0.1175,-0.3603579397371233,-0.047409483809273796,-0.047409483809273796,-0.5851502821892637,-0.6547910299439371,-0.6547910299439371,12.223298942130059,-3.5381687456002453,2.2429647091235903
scripts\BMA-Study\EG10_group\full_vs_Grim_EG10.db,EG10_group,full_vs_Grim_EG10.db,3_2_2_StagHunt-1_1_1_Prisoners-3_2_2_StagHunt,20260309-150558,d6554bb8,4,10.0,Full,Grim,2,3_2_2_StagHunt,1200,2000,800,0.30735850051384406,0.38160032287877016,0.4749092899933551,0.06375,1322.0,0.12253487838432192,0.11988157391548157,0.029136889576911927,0.38375,1273.0,0.0,0.07423460862562019,0.17180741646649922,0.17181195328077797,-0.34366389240409034,0.07720421849192455,0.07720994997147321,2.348580183861777,-2.403768666042115,2.44206541628686
scripts\BMA-Study\EG10_group\full_vs_Grim_EG10.db,EG10_group,full_vs_Grim_EG10.db,3_2_2_StagHunt-1_1_1_Prisoners-3_2_2_StagHunt,20260309-150558,d6554bb8,8,10.0,Full,Grim,0,3_2_2_StagHunt,0,800,800,0.44653363659062484,0.4834316655742452,0.4927891160768622,0.0,,0.08077541088685393,0.1406220257282257,0.022954595386981965,0.63625,237.0,0.0,0.3234476320945387,-0.042689238270654115,-0.04268907209883133,0.32329526388241997,-0.429804420186536,-0.4298046278865912,5.283315772761125,-1.6355966036165004,2.604947147734261
scripts\BMA-Study\EG10_group\full_vs_Grim_EG10.db,EG10_group,full_vs_Grim_EG10.db,3_2_2_StagHunt-1_1_1_Prisoners-3_2_2_StagHunt,20260309-150558,d6554bb8,8,10.0,Full,Grim,1,1_1_1_Prisoners,800,1200,400,0.2241887286380259,0.941084636099897,0.1255418674647808,0.2525,847.0,0.10847081455634906,0.01534132344648242,0.1255418674647808,0.3675,801.0,0.1175,-0.3805812536328352,-0.05333058331614572,-0.05333058331614572,-0.5408184426152663,-0.6500028125175782,-0.6500028125175782,11.121311477813869,-3.563416596767454,2.238086659908321
scripts\BMA-Study\EG10_group\full_vs_Grim_EG10.db,EG10_group,full_vs_Grim_EG10.db,3_2_2_StagHunt-1_1_1_Prisoners-3_2_2_StagHunt,20260309-150558,d6554bb8,8,10.0,Full,Grim,2,3_2_2_StagHunt,1200,2000,800,0.29175617665620124,0.3645370837953956,0.41811956763267516,0.12125,1338.0,0.13337128011975438,0.14220306396484375,0.08188043236732483,0.3525,1311.0,0.0,-0.015825545838953053,0.1536526098064823,0.15364711441535156,-0.2984129125747124,0.13223064333156187,0.13223101305408153,2.043364343573339,-2.4603544074856103,2.4304377732411253
scripts\BMA-Study\EG10_group\full_vs_Grim_EG10.db,EG10_group,full_vs_Grim_EG10.db,3_2_2_StagHunt-1_1_1_Prisoners-3_2_2_StagHunt,20260309-150558,d6554bb8,6,10.0,Full,Grim,0,3_2_2_StagHunt,0,800,800,0.44757104475173465,0.5221395824613788,0.48465897939797364,0.0,,0.07923548186197876,0.0962167564034462,0.030219983160495758,0.6575,0.0,0.0,0.33543458503905105,-0.10423137434721466,-0.10423063286056475,0.3555063463148754,-0.32429940237329746,-0.3243002258919263,4.4740376242180355,-1.733001911872548,2.586766777338842
scripts\BMA-Study\EG10_group\full_vs_Grim_EG10.db,EG10_group,full_vs_Grim_EG10.db,3_2_2_StagHunt-1_1_1_Prisoners-3_2_2_StagHunt,20260309-150558,d6554bb8,6,10.0,Full,Grim,1,1_1_1_Prisoners,800,1200,400,0.21330917813857048,0.9209051896665216,0.12468601778149604,0.2725,846.0,0.09965120832552202,0.011641431162133812,0.12468601778149604,0.385,801.0,0.115,-0.4192516828230176,-0.08453246582791141,-0.08453246582791141,-0.6028342677141731,-0.6833182082388014,-0.6833182082388014,12.660636599408463,-3.626539520733258,2.2256247877716144
scripts\BMA-Study\EG10_group\full_vs_Grim_EG10.db,EG10_group,full_vs_Grim_EG10.db,3_2_2_StagHunt-1_1_1_Prisoners-3_2_2_StagHunt,20260309-150558,d6554bb8,6,10.0,Full,Grim,2,3_2_2_StagHunt,1200,2000,800,0.2936562037734193,0.3900565189976969,0.4795542194817182,0.08875,1336.0,0.12351343221496791,0.11709865987300873,0.027902683019638063,0.38375,1287.0,0.0,0.1297010127849248,0.16675646324043503,0.16675675377353427,-0.4553753662086151,0.06775939948260706,0.06775488313186649,2.8076861786842344,-2.4511870850793285,2.4330685829590353
scripts\BMA-Study\EG10_group\full_vs_Grim_EG10.db,EG10_group,full_vs_Grim_EG10.db,3_2_2_StagHunt-1_1_1_Prisoners-3_2_2_StagHunt,20260309-150558,d6554bb8,7,10.0,Full,Grim,0,3_2_2_StagHunt,0,800,800,0.4447199715541336,0.5061142165411571,0.45305647672887367,0.0,,0.07763084977865219,0.13051620721817017,0.06046456217765808,0.6725,223.0,0.0,0.3339335106582909,-0.029764928965539367,-0.029764759911844425,0.22574526557830915,-0.3762564513475113,-0.37625663229662987,4.499293156831991,-1.580014161073572,2.619472620587698
scripts\BMA-Study\EG10_group\full_vs_Grim_EG10.db,EG10_group,full_vs_Grim_EG10.db,3_2_2_StagHunt-1_1_1_Prisoners-3_2_2_StagHunt,20260309-150558,d6554bb8,7,10.0,Full,Grim,1,1_1_1_Prisoners,800,1200,400,0.22750969903731214,0.9408710825220836,0.12665856346488,0.245,847.0,0.1115634215483442,0.013300862610340119,0.12665856346488,0.36,801.0,0.1175,-0.36973374833592704,-0.036717979487371794,-0.036717979487371794,-0.5557613485084281,-0.6456259726623291,-0.6456259726623291,12.661788934040814,-3.5245502413764167,2.244806762422275
scripts\BMA-Study\EG10_group\full_vs_Grim_EG10.db,EG10_group,full_vs_Grim_EG10.db,3_2_2_StagHunt-1_1_1_Prisoners-3_2_2_StagHunt,20260309-150558,d6554bb8,7,10.0,Full,Grim,2,3_2_2_StagHunt,1200,2000,800,0.30167416686555976,0.3729460955655466,0.45278246998786925,0.09375,1348.0,0.1299102860223502,0.1342003071308136,0.047217530012130735,0.3475,1300.0,0.0,0.07539390468624281,0.05181921617321279,0.051821937012310665,-0.2702355929565007,0.08620778849925864,0.08620004907645311,2.0822417308203875,-2.4360643887687905,2.435061929228577
scripts\BMA-Study\EG10_group\full_vs_TFT_EG10.db,EG10_group,full_vs_TFT_EG10.db,1_2_2_Chicken-1_1_1_Prisoners-1_2_2_Chicken,20260307-191907,cadb35fb,4,10.0,Full,TFT,0,1_2_2_Chicken,0,800,800,0.501160691474709,0.532242257548146,0.4991122190427473,0.00125,,0.012826281934976577,0.05216033160686493,0.008597676753997802,0.97375,0.0,0.0,0.19176728488784836,0.20662378777407944,0.20661571884960614,0.3720242684369975,0.49900206381885215,0.49900330298710277,15.601806351467967,-4.97806035598544,2.0029464080027326
scripts\BMA-Study\EG10_group\full_vs_TFT_EG10.db,EG10_group,full_vs_TFT_EG10.db,1_2_2_Chicken-1_1_1_Prisoners-1_2_2_Chicken,20260307-191907,cadb35fb,4,10.0,Full,TFT,1,1_1_1_Prisoners,800,1200,400,0.5208455223560392,0.16285595923662186,0.798281136183163,0.0,,0.38446092560887335,0.16285595923662186,0.5053129678964615,0.0,,0.2225,0.5408961705138303,0.8854742812143812,0.885475702398809,0.49725311338202915,0.8711344664356409,0.8711307564656326,8.013277564123273,-4.594782071838923,2.056802569358095
scripts\BMA-Study\EG10_group\full_vs_TFT_EG10.db,EG10_group,full_vs_TFT_EG10.db,1_2_2_Chicken-1_1_1_Prisoners-1_2_2_Chicken,20260307-191907,cadb35fb,4,10.0,Full,TFT,2,1_2_2_Chicken,1200,2000,800,0.507898387537074,0.6107574077350914,0.4993786133901162,0.0,,0.022855908200144767,0.15156396746635437,0.0032018864154815673,0.90375,1287.0,0.0,0.11846632702154686,0.2951113167781435,0.2951516467711525,0.09355538157866093,0.2506236467380697,0.2506374635002539,16.52572508946061,-4.960038032194801,2.0054650453880396
scripts\BMA-Study\EG10_group\full_vs_TFT_EG10.db,EG10_group,full_vs_TFT_EG10.db,1_2_2_Chicken-1_1_1_Prisoners-1_2_2_Chicken,20260307-191907,cadb35fb,7,10.0,Full,TFT,0,1_2_2_Chicken,0,800,800,0.5009002927594095,0.5337142393912538,0.5001202912214645,0.00125,,0.014821773897856473,0.05867227733135223,0.008560645580291747,0.96625,0.0,0.0,0.1884406846648047,0.23798966192637597,0.23799484085313602,0.3069326486842777,0.5132053738072048,0.5132175377366238,15.589052190557123,-4.975095608728421,2.003347853560213
scripts\BMA-Study\EG10_group\full_vs_TFT_EG10.db,EG10_group,full_vs_TFT_EG10.db,1_2_2_Chicken-1_1_1_Prisoners-1_2_2_Chicken,20260307-191907,cadb35fb,7,10.0,Full,TFT,1,1_1_1_Prisoners,800,1200,400,0.5387711446713159,0.162910974919796,0.8147939260495014,0.0,,0.3917691350355744,0.162910974919796,0.5109010201692581,0.0,,0.24,0.6315268167463017,0.891489206036884,0.8914881206891395,0.620234289120435,0.8978442312165269,0.8978431792331549,8.579656164422632,-4.5455545371822925,2.063909126884459
scripts\BMA-Study\EG10_group\full_vs_TFT_EG10.db,EG10_group,full_vs_TFT_EG10.db,1_2_2_Chicken-1_1_1_Prisoners-1_2_2_Chicken,20260307-191907,cadb35fb,7,10.0,Full,TFT,2,1_2_2_Chicken,1200,2000,800,0.5079668779657195,0.6109764311149983,0.49942189988604624,0.0,,0.022392840683460237,0.15120912909507753,0.003148883581161499,0.905,1286.0,0.0,0.05058263089558965,0.31853725275269656,0.31855095939198363,-0.0021419104627029796,0.342290282695449,0.34228198883207783,16.524408044070004,-4.958803515584887,2.005637177052718
scripts\BMA-Study\EG10_group\full_vs_TFT_EG10.db,EG10_group,full_vs_TFT_EG10.db,1_2_2_Chicken-1_1_1_Prisoners-1_2_2_Chicken,20260307-191907,cadb35fb,8,10.0,Full,TFT,0,1_2_2_Chicken,0,800,800,0.5008688812161657,0.5321301690295229,0.49994968418665764,0.00125,,0.014323086030781269,0.0525929981470108,0.008837752342224121,0.97125,0.0,0.0,0.19694535681135536,0.2197896211496243,0.2197884750190661,0.33104066197917076,0.49917864103163695,0.4991758284029962,15.604251069650054,-4.977887012846199,2.002970810617076
scripts\BMA-Study\EG10_group\full_vs_TFT_EG10.db,EG10_group,full_vs_TFT_EG10.db,1_2_2_Chicken-1_1_1_Prisoners-1_2_2_Chicken,20260307-191907,cadb35fb,8,10.0,Full,TFT,1,1_1_1_Prisoners,800,1200,400,0.526265838092067,0.15817106485366822,0.7498272336582452,0.0,,0.38034321755170825,0.15817106485366822,0.5065050786733627,0.0,,0.2375,0.5866722317403813,0.8800958361544601,0.8800908468709223,0.5724725032808451,0.8857430284796575,0.8857436740673776,8.515958314836025,-4.509916319133497,2.0696420560931807
scripts\BMA-Study\EG10_group\full_vs_TFT_EG10.db,EG10_group,full_vs_TFT_EG10.db,1_2_2_Chicken-1_1_1_Prisoners-1_2_2_Chicken,20260307-191907,cadb35fb,8,10.0,Full,TFT,2,1_2_2_Chicken,1200,2000,800,0.5081139750215812,0.6151833045723577,0.49927887233436574,0.0,,0.02204155147075653,0.14403336524963378,0.0035090166330337524,0.91,1284.0,0.0,0.09663770370599654,0.29603339305844245,0.2959998529059324,0.06949869878261017,0.29985299209370087,0.29984290331543806,16.628316359817983,-4.949224692806528,2.007012314530262
scripts\BMA-Study\EG10_group\full_vs_TFT_EG10.db,EG10_group,full_vs_TFT_EG10.db,1_2_2_Chicken-1_1_1_Prisoners-1_2_2_Chicken,20260307-191907,cadb35fb,6,10.0,Full,TFT,0,1_2_2_Chicken,0,800,800,0.5019450338223036,0.5392776848096179,0.5001972402666801,0.00125,,0.015131368022412061,0.04488834381103515,0.00813811480998993,0.96125,0.0,0.0,0.16042330422978973,0.27745112115517834,0.2774572218774126,0.32201591854638345,0.5929574479606182,0.5929713542313715,15.515611544251442,-4.962235953570482,2.005084467615257
scripts\BMA-Study\EG10_group\full_vs_TFT_EG10.db,EG10_group,full_vs_TFT_EG10.db,1_2_2_Chicken-1_1_1_Prisoners-1_2_2_Chicken,20260307-191907,cadb35fb,6,10.0,Full,TFT,1,1_1_1_Prisoners,800,1200,400,0.5149800695445392,0.1601784998178482,0.8014278134552414,0.0,,0.37554201286286115,0.1601784998178482,0.509710322022438,0.0,,0.2275,0.6013150714412613,0.9209344182803928,0.9209566566800097,0.5936598843048606,0.9265233249187895,0.9265289006126599,8.262955378890037,-4.623347076775917,2.0531363607198703
scripts\BMA-Study\EG10_group\full_vs_TFT_EG10.db,EG10_group,full_vs_TFT_EG10.db,1_2_2_Chicken-1_1_1_Prisoners-1_2_2_Chicken,20260307-191907,cadb35fb,6,10.0,Full,TFT,2,1_2_2_Chicken,1200,2000,800,0.5084770067456627,0.6150884272032805,0.4993906932651137,0.0,,0.023158358745276927,0.14386552810668946,0.003089921474456787,0.9025,1290.0,0.0,0.1262989107431945,0.28772463916792046,0.28770347460595974,0.10623747021513522,0.267171656704643,0.26715998354520104,16.600920754522086,-4.955555089807741,2.006070817331863
scripts\BMA-Study\EG10_group\full_vs_TFT_EG10.db,EG10_group,full_vs_TFT_EG10.db,1_2_2_Chicken-1_1_1_Prisoners-1_2_2_Chicken,20260307-191907,cadb35fb,5,10.0,Full,TFT,0,1_2_2_Chicken,0,800,800,0.5010286933626555,0.537283835350043,0.49916942538967335,0.00125,,0.014086494762450457,0.05369808912277221,0.008056624531745911,0.97,0.0,0.0,0.19667117262045608,0.2687971452919882,0.2688001996183182,0.3260389414296351,0.59572059763073,0.5957211079059219,15.539634066149592,-4.96016439475712,2.0053619536175313
scripts\BMA-Study\EG10_group\full_vs_TFT_EG10.db,EG10_group,full_vs_TFT_EG10.db,1_2_2_Chicken-1_1_1_Prisoners-1_2_2_Chicken,20260307-191907,cadb35fb,5,10.0,Full,TFT,1,1_1_1_Prisoners,800,1200,400,0.5307763179391398,0.16542212128639222,0.8111972329769305,0.0,,0.3866557411849499,0.16542212128639222,0.5058237367868423,0.0,,0.235,0.608371318169028,0.8891309335106056,0.8891308405650907,0.5975882526199541,0.8848230686430617,0.8848229611583304,8.396546339765191,-4.615049192051618,2.054044738725317
scripts\BMA-Study\EG10_group\full_vs_TFT_EG10.db,EG10_group,full_vs_TFT_EG10.db,1_2_2_Chicken-1_1_1_Prisoners-1_2_2_Chicken,20260307-191907,cadb35fb,5,10.0,Full,TFT,2,1_2_2_Chicken,1200,2000,800,0.508012634776597,0.6104900137139672,0.49939645657978415,0.0,,0.023454256802797318,0.15168431401252747,0.0031744545698165895,0.90125,1288.0,0.0,0.09531452896784579,0.2926594438411939,0.2926337179695862,0.07064236389799063,0.29139992026432077,0.2914075395327488,16.50919477932155,-4.958055235106292,2.0057231682555443
scripts\BMA-Study\EG10_group\full_vs_TFT_EG10.db,EG10_group,full_vs_TFT_EG10.db,1_2_2_Chicken-1_1_1_Prisoners-1_2_2_Chicken,20260307-191907,cadb35fb,1,10.0,Full,TFT,0,1_2_2_Chicken,0,800,800,0.5010686364844418,0.5326178300940085,0.4999803948970247,0.00125,,0.016135801430791616,0.051430104970932006,0.009171919226646423,0.96875,0.0,0.0,0.1852366770531747,0.20547516574987917,0.20546413666555013,0.3249410277474077,0.5064757394959962,0.5064754913420043,15.60516086436808,-4.981054219831424,2.0025439195566936
scripts\BMA-Study\EG10_group\full_vs_TFT_EG10.db,EG10_group,full_vs_TFT_EG10.db,1_2_2_Chicken-1_1_1_Prisoners-1_2_2_Chicken,20260307-191907,cadb35fb,1,10.0,Full,TFT,1,1_1_1_Prisoners,800,1200,400,0.5732406800453426,0.16509091168642043,0.7985004531283992,0.0,,0.4062745448201895,0.16509091168642043,0.507193591594696,0.0,,0.2725,0.7266884421780805,0.8145829654613679,0.8145915623312597,0.7211123970109993,0.8069513458784754,0.8069532717571913,9.563043463453651,-4.445637742027394,2.078565773040074
scripts\BMA-Study\EG10_group\full_vs_TFT_EG10.db,EG10_group,full_vs_TFT_EG10.db,1_2_2_Chicken-1_1_1_Prisoners-1_2_2_Chicken,20260307-191907,cadb35fb,1,10.0,Full,TFT,2,1_2_2_Chicken,1200,2000,800,0.5068127361364779,0.6062959690324953,0.4992627240612073,0.0,,0.02017870083451271,0.1586579215526581,0.003813185691833496,0.92,1274.0,0.0,0.17178927014768033,0.24037605533017525,0.2403915708712124,0.18803835120285495,0.1673769384715634,0.16737751291627304,16.479568962603807,-4.959478556008138,2.0056032020631966
scripts\BMA-Study\EG10_group\full_vs_TFT_EG10.db,EG10_group,full_vs_TFT_EG10.db,1_2_2_Chicken-1_1_1_Prisoners-1_2_2_Chicken,20260307-191907,cadb35fb,3,10.0,Full,TFT,0,1_2_2_Chicken,0,800,800,0.5013032506088053,0.5332448955694669,0.5001065214254959,0.00125,,0.01390563940629363,0.05211123764514923,0.008803613781929016,0.9725,0.0,0.0,0.19689090189894415,0.19864467848602424,0.1986214760819237,0.34540127013789673,0.43429650043134976,0.4342960030823532,15.609305300116539,-4.977450686083319,2.0030292413140676
scripts\BMA-Study\EG10_group\full_vs_TFT_EG10.db,EG10_group,full_vs_TFT_EG10.db,1_2_2_Chicken-1_1_1_Prisoners-1_2_2_Chicken,20260307-191907,cadb35fb,3,10.0,Full,TFT,1,1_1_1_Prisoners,800,1200,400,0.5238845394756528,0.15467266201972962,0.8241488852192318,0.0,,0.3796759220585227,0.15467266201972962,0.5077636313438415,0.0,,0.235,0.6406424743984112,0.9145582014416911,0.9145534602778636,0.6351581726582701,0.9189587911725074,0.9189540720798358,8.458568641617894,-4.542608700362818,2.0646477865690813
scripts\BMA-Study\EG10_group\full_vs_TFT_EG10.db,EG10_group,full_vs_TFT_EG10.db,1_2_2_Chicken-1_1_1_Prisoners-1_2_2_Chicken,20260307-191907,cadb35fb,3,10.0,Full,TFT,2,1_2_2_Chicken,1200,2000,800,0.5078585383734631,0.6104450102331785,0.49928856821762146,0.0,,0.022350658401846885,0.15198862552642822,0.0032874530553817748,0.90625,1285.0,0.0,0.13385388503470194,0.2757314883175445,0.27574243380326485,0.1270656922468135,0.24241784255375415,0.24242590933159436,16.55029183268547,-4.957129367178402,2.005888122606249
scripts\BMA-Study\EG10_group\full_vs_TFT_EG10.db,EG10_group,full_vs_TFT_EG10.db,1_2_2_Chicken-1_1_1_Prisoners-1_2_2_Chicken,20260307-191907,cadb35fb,2,10.0,Full,TFT,0,1_2_2_Chicken,0,800,800,0.5008381161951712,0.5292375040587944,0.4989227778401636,0.00125,,0.015242479313164949,0.049091516733169555,0.009255455732345581,0.97375,0.0,0.0,0.25894481805116915,0.1885696271800357,0.18857139241040113,0.40343004630446705,0.4323077327648789,0.4323093159137618,15.640179293826222,-4.98428932679306,2.002106875584445
scripts\BMA-Study\EG10_group\full_vs_TFT_EG10.db,EG10_group,full_vs_TFT_EG10.db,1_2_2_Chicken-1_1_1_Prisoners-1_2_2_Chicken,20260307-191907,cadb35fb,2,10.0,Full,TFT,1,1_1_1_Prisoners,800,1200,400,0.5573652481511285,0.16809104770421981,0.785721293206749,0.0,,0.39770015455782415,0.16809104770421981,0.5054733079671859,0.0,,0.26,0.6892974271227672,0.8450815775745101,0.8450815293896564,0.6738632505500903,0.8502717604067855,0.8502717185474691,9.129799110069872,-4.428662703940047,2.0813204510294656
scripts\BMA-Study\EG10_group\full_vs_TFT_EG10.db,EG10_group,full_vs_TFT_EG10.db,1_2_2_Chicken-1_1_1_Prisoners-1_2_2_Chicken,20260307-191907,cadb35fb,2,10.0,Full,TFT,2,1_2_2_Chicken,1200,2000,800,0.507632594764249,0.6129848220511588,0.49930569201515174,0.0,,0.021005463264882566,0.14820849657058716,0.003637794256210327,0.915,1280.0,0.0,0.10033790312049472,0.28221911392256954,0.28219824659948683,0.08567289785629655,0.27437552287333367,0.27437688921326464,16.598138747513293,-4.953171454775532,2.006497920599993
scripts\BMA-Study\EG10_group\full_vs_TFT_EG10.db,EG10_group,full_vs_TFT_EG10.db,3_2_2_StagHunt-1_1_1_Prisoners-3_2_2_StagHunt,20260307-193242,cadb35fb,6,10.0,Full,TFT,0,3_2_2_StagHunt,0,800,800,0.4873957294077964,0.47275616161159095,0.47861983671056735,0.0,,0.014728531651198863,0.033883748352527616,0.023699169456958772,0.98125,0.0,0.0,0.1305482933631103,-0.14192631928041868,-0.1419268064260363,-0.015886343971583814,0.12323891232419623,0.12323939859379857,12.39542943449691,-4.015180536375054,2.1455985616834545
scripts\BMA-Study\EG10_group\full_vs_TFT_EG10.db,EG10_group,full_vs_TFT_EG10.db,3_2_2_StagHunt-1_1_1_Prisoners-3_2_2_StagHunt,20260307-193242,cadb35fb,6,10.0,Full,TFT,1,1_1_1_Prisoners,800,1200,400,0.35089856945167947,0.05434214234352112,0.8490018844335997,0.47,803.0,0.24378263329155744,0.05434214234352112,0.5079555916786194,0.47,803.0,0.1825,0.12474910513688958,0.3584948856554439,0.3585370175587973,0.12198974196909008,0.3579185219394475,0.35796064654976956,10.470517313927411,-4.640746583621244,2.0513160322030197
scripts\BMA-Study\EG10_group\full_vs_TFT_EG10.db,EG10_group,full_vs_TFT_EG10.db,3_2_2_StagHunt-1_1_1_Prisoners-3_2_2_StagHunt,20260307-193242,cadb35fb,6,10.0,Full,TFT,2,3_2_2_StagHunt,1200,2000,800,0.48735642114874184,0.32258926033973695,0.49979136945420294,0.0,,0.012332541719079018,0.16861475586891175,0.00025302886962890624,0.9475,1242.0,0.0,-0.1585299796173335,0.20911063627657606,0.20907225762115172,0.18561085503672847,-0.5226442367973106,-0.5226464085699287,16.273185493946077,-4.978858767628572,2.00283361097751
scripts\BMA-Study\EG10_group\full_vs_TFT_EG10.db,EG10_group,full_vs_TFT_EG10.db,3_2_2_StagHunt-1_1_1_Prisoners-3_2_2_StagHunt,20260307-193242,cadb35fb,5,10.0,Full,TFT,0,3_2_2_StagHunt,0,800,800,0.4870183134294648,0.47427387321361814,0.48162179291109025,0.0,,0.015138239078223705,0.03194272816181183,0.01956736147403717,0.9775,0.0,0.0,0.09183499025506435,-0.06255525955403402,-0.06255519070519719,0.015728352348270695,0.059617474301352204,0.05961740538365856,12.414665935337544,-3.8240653510627918,2.177158729276246
scripts\BMA-Study\EG10_group\full_vs_TFT_EG10.db,EG10_group,full_vs_TFT_EG10.db,3_2_2_StagHunt-1_1_1_Prisoners-3_2_2_StagHunt,20260307-193242,cadb35fb,5,10.0,Full,TFT,1,1_1_1_Prisoners,800,1200,400,0.382559210583509,0.05103482224047184,0.8099448285448719,0.415,803.0,0.26332284313626586,0.05103482224047184,0.5047258675098419,0.415,803.0,0.2025,0.23498141510520998,0.3110548482146913,0.31105381780157443,0.22937418861746192,0.31183354120204354,0.3118323259880778,10.904549732655287,-4.566475029863399,2.061807594851657
scripts\BMA-Study\EG10_group\full_vs_TFT_EG10.db,EG10_group,full_vs_TFT_EG10.db,3_2_2_StagHunt-1_1_1_Prisoners-3_2_2_StagHunt,20260307-193242,cadb35fb,5,10.0,Full,TFT,2,3_2_2_StagHunt,1200,2000,800,0.48417977135087414,0.3199848234653473,0.4996354971304327,0.0,,0.01563950937241316,0.17532898783683776,0.00043853759765625,0.94125,1247.0,0.0,-0.1180560698800526,-0.23697232886318928,-0.23697277620519533,0.10690580207482735,0.1243597525171655,0.12435832197535773,15.921161097493023,-4.809544133533477,2.0263622354211623
scripts\BMA-Study\EG10_group\full_vs_TFT_EG10.db,EG10_group,full_vs_TFT_EG10.db,3_2_2_StagHunt-1_1_1_Prisoners-3_2_2_StagHunt,20260307-193242,cadb35fb,8,10.0,Full,TFT,0,3_2_2_StagHunt,0,800,800,0.4873708060158845,0.4740190241967973,0.4824870277739691,0.0,,0.014863547962158918,0.033584239780902865,0.020394176244735718,0.9825,27.0,0.0,0.15099145845369802,-0.08206160746899396,-0.08206332813212244,-0.058984020126273407,0.04932557622173536,0.049325619549990825,12.233138932725415,-3.915789394361606,2.1618036590477123
scripts\BMA-Study\EG10_group\full_vs_TFT_EG10.db,EG10_group,full_vs_TFT_EG10.db,3_2_2_StagHunt-1_1_1_Prisoners-3_2_2_StagHunt,20260307-193242,cadb35fb,8,10.0,Full,TFT,1,1_1_1_Prisoners,800,1200,400,0.3760970623071734,0.052877936884760855,0.8323406479787004,0.395,802.0,0.26020040550269186,0.052877936884760855,0.5019251263141632,0.395,802.0,0.195,0.17315088250176028,0.33467935995816267,0.33467430250913033,0.1687998244237798,0.33769796295542387,0.33769291696749765,10.83206248767674,-4.591204751212388,2.0582974487856904
scripts\BMA-Study\EG10_group\full_vs_TFT_EG10.db,EG10_group,full_vs_TFT_EG10.db,3_2_2_StagHunt-1_1_1_Prisoners-3_2_2_StagHunt,20260307-193242,cadb35fb,8,10.0,Full,TFT,2,3_2_2_StagHunt,1200,2000,800,0.4874112128796715,0.3259612607955933,0.4997094672240594,0.0,,0.012434994839131831,0.16806440830230712,0.00034917831420898436,0.9475,1242.0,0.0,-0.11140357804644865,0.19523379899312793,0.19521711620838775,0.10528119065836218,-0.4438147699488231,-0.4438140137866153,16.250148259997367,-4.969751604771114,2.0040557528152934
scripts\BMA-Study\EG10_group\full_vs_TFT_EG10.db,EG10_group,full_vs_TFT_EG10.db,3_2_2_StagHunt-1_1_1_Prisoners-3_2_2_StagHunt,20260307-193242,cadb35fb,3,10.0,Full,TFT,0,3_2_2_StagHunt,0,800,800,0.48658617661892944,0.47268112602014584,0.4819743276655726,0.0,,0.015564139001071453,0.03447173327207565,0.018515444099903106,0.9825,27.0,0.0,0.13217200095852472,-0.04755133677851839,-0.04755147852013936,-0.001888175962391763,0.02765023256385206,0.027650350401180614,12.019594906130806,-3.730667281827922,2.192586556800327
scripts\BMA-Study\EG10_group\full_vs_TFT_EG10.db,EG10_group,full_vs_TFT_EG10.db,3_2_2_StagHunt-1_1_1_Prisoners-3_2_2_StagHunt,20260307-193242,cadb35fb,3,10.0,Full,TFT,1,1_1_1_Prisoners,800,1200,400,0.3861939500064821,0.046715452671051025,0.8201591239470933,0.4075,802.0,0.26491415447555483,0.046715452671051025,0.5014010798931122,0.4075,802.0,0.205,0.1896680768813366,0.23020076584087135,0.23018698642033492,0.18331458865269445,0.2320356556633432,0.23202535027744095,11.392126116156579,-4.587178704642869,2.0589925802756914
scripts\BMA-Study\EG10_group\full_vs_TFT_EG10.db,EG10_group,full_vs_TFT_EG10.db,3_2_2_StagHunt-1_1_1_Prisoners-3_2_2_StagHunt,20260307-193242,cadb35fb,3,10.0,Full,TFT,2,3_2_2_StagHunt,1200,2000,800,0.4859763451762128,0.31561057806015014,0.49942900002787355,0.0,,0.013882388472557067,0.17813644647598267,0.0006986701488494873,0.94125,1247.0,0.0,-0.21371155270760656,0.11157726331820254,0.11156574324826982,0.2521394029376835,-0.2671503363268466,-0.2671422278522891,16.378534851670267,-4.9709608856102845,2.0038970781771046
scripts\BMA-Study\EG10_group\full_vs_TFT_EG10.db,EG10_group,full_vs_TFT_EG10.db,3_2_2_StagHunt-1_1_1_Prisoners-3_2_2_StagHunt,20260307-193242,cadb35fb,4,10.0,Full,TFT,0,3_2_2_StagHunt,0,800,800,0.4851780821596025,0.4731471856745809,0.47927676926794865,0.0,,0.017038029562681915,0.03421724855899811,0.02306472271680832,0.98375,27.0,0.0,0.3087046671102025,-0.06663120971680797,-0.06662421113892884,-0.22320568590000492,0.04675768100272944,0.046758193244232034,11.31351208742708,-3.613904928668975,2.2128134029823996
scripts\BMA-Study\EG10_group\full_vs_TFT_EG10.db,EG10_group,full_vs_TFT_EG10.db,3_2_2_StagHunt-1_1_1_Prisoners-3_2_2_StagHunt,20260307-193242,cadb35fb,4,10.0,Full,TFT,1,1_1_1_Prisoners,800,1200,400,0.3655979474760596,0.044924234114587305,0.7962904278681571,0.44,802.0,0.25973979839589445,0.044924234114587305,0.5032034605741501,0.44,802.0,0.18,0.04515466002286267,0.09556568304383813,0.09556265533722934,0.04188875846078468,0.09880262341173078,0.09879960905751795,11.497830295190216,-4.523519132773929,2.0684602230645988
scripts\BMA-Study\EG10_group\full_vs_TFT_EG10.db,EG10_group,full_vs_TFT_EG10.db,3_2_2_StagHunt-1_1_1_Prisoners-3_2_2_StagHunt,20260307-193242,cadb35fb,4,10.0,Full,TFT,2,3_2_2_StagHunt,1200,2000,800,0.4823178302952108,0.31691223025321963,0.4984338103268597,0.0,,0.0176141494885087,0.1801750934123993,0.001670132875442505,0.9375,1250.0,0.0,-0.2242938558159091,-0.2723489555160498,-0.272349692131004,0.23325275875362023,0.21058089889013482,0.21058172353406612,15.924180189929903,-4.7582557786503505,2.0337831734178993
scripts\BMA-Study\EG10_group\full_vs_TFT_EG10.db,EG10_group,full_vs_TFT_EG10.db,3_2_2_StagHunt-1_1_1_Prisoners-3_2_2_StagHunt,20260307-193242,cadb35fb,7,10.0,Full,TFT,0,3_2_2_StagHunt,0,800,800,0.4843752407540918,0.4736038196460511,0.4765458259484596,0.0,,0.018094215970486403,0.033923463821411134,0.025040143430233003,0.985,29.0,0.0,0.3704971002188496,-0.1191552447892063,-0.11915531622569084,-0.3023954832371706,0.08829304868866227,0.08829269643227834,11.401570406742394,-3.4377237025702687,2.2434428906687858
scripts\BMA-Study\EG10_group\full_vs_TFT_EG10.db,EG10_group,full_vs_TFT_EG10.db,3_2_2_StagHunt-1_1_1_Prisoners-3_2_2_StagHunt,20260307-193242,cadb35fb,7,10.0,Full,TFT,1,1_1_1_Prisoners,800,1200,400,0.35121858800878303,0.041484340950846674,0.8129604338436546,0.4625,802.0,0.25167038331739605,0.041484340950846674,0.5087308830022812,0.4625,802.0,0.1725,0.026432774305762165,0.13250367092575968,0.13250210927938022,0.023059999273445514,0.13484256328472777,0.1348410079972782,11.152632779031991,-4.463537104907566,2.077778140621057
scripts\BMA-Study\EG10_group\full_vs_TFT_EG10.db,EG10_group,full_vs_TFT_EG10.db,3_2_2_StagHunt-1_1_1_Prisoners-3_2_2_StagHunt,20260307-193242,cadb35fb,7,10.0,Full,TFT,2,3_2_2_StagHunt,1200,2000,800,0.4851592170638345,0.3040056872367859,0.4995121872868443,0.0,,0.01427126195281744,0.18345947742462157,0.0006101512908935547,0.93875,1249.0,0.0,-0.199127795605877,0.1430097147190967,0.14299565224726726,0.2104028021064451,-0.3338623531867998,-0.3338620487578225,16.436300419569015,-4.964845853542422,2.004714123610017
scripts\BMA-Study\EG10_group\full_vs_TFT_EG10.db,EG10_group,full_vs_TFT_EG10.db,3_2_2_StagHunt-1_1_1_Prisoners-3_2_2_StagHunt,20260307-193242,cadb35fb,1,10.0,Full,TFT,0,3_2_2_StagHunt,0,800,800,0.4858108454431092,0.47322085554662835,0.4782682692496533,0.0,,0.016849870886653663,0.034251869916915895,0.02440020889043808,0.985,26.0,0.0,0.24670994082238268,-0.04995505118027101,-0.04995500547540479,-0.16887184328173532,0.012592361104739016,0.012592314524171378,12.498034799359738,-3.673802973524318,2.201543183599632
scripts\BMA-Study\EG10_group\full_vs_TFT_EG10.db,EG10_group,full_vs_TFT_EG10.db,3_2_2_StagHunt-1_1_1_Prisoners-3_2_2_StagHunt,20260307-193242,cadb35fb,1,10.0,Full,TFT,1,1_1_1_Prisoners,800,1200,400,0.36607832927621353,0.048603750690817835,0.8346946038539609,0.3975,802.0,0.25895487039349974,0.048603750690817835,0.5057994931936264,0.3975,802.0,0.1825,0.10008568811592732,0.3308620810804991,0.33086683575824255,0.09801192321074115,0.3331100348430404,0.3331147995313334,10.332413670197129,-4.530280851255285,2.0676389638176755
scripts\BMA-Study\EG10_group\full_vs_TFT_EG10.db,EG10_group,full_vs_TFT_EG10.db,3_2_2_StagHunt-1_1_1_Prisoners-3_2_2_StagHunt,20260307-193242,cadb35fb,1,10.0,Full,TFT,2,3_2_2_StagHunt,1200,2000,800,0.4876086682839687,0.3278711688518524,0.49946215910848535,0.0,,0.012268746234476567,0.16532342076301576,0.0006765151023864747,0.95,1240.0,0.0,-0.1558357656541478,0.14590818863491792,0.14586668147140686,0.14353930632759312,-0.36714276726044004,-0.36713506604766477,16.306038341522218,-4.990856819409718,2.0012249754156097
scripts\BMA-Study\EG10_group\full_vs_TFT_EG10.db,EG10_group,full_vs_TFT_EG10.db,3_2_2_StagHunt-1_1_1_Prisoners-3_2_2_StagHunt,20260307-193242,cadb35fb,2,10.0,Full,TFT,0,3_2_2_StagHunt,0,800,800,0.48520052607730724,0.47320165932917346,0.4793191497850872,0.0,,0.016946847923099993,0.03506121337413788,0.02251889407634735,0.97875,24.0,0.0,0.29904680846498816,-0.11141491768186448,-0.11141599452626812,-0.22378885124534104,0.058638419180867665,0.058638591509279234,11.42782963188365,-3.6536053475014825,2.205456644910596
scripts\BMA-Study\EG10_group\full_vs_TFT_EG10.db,EG10_group,full_vs_TFT_EG10.db,3_2_2_StagHunt-1_1_1_Prisoners-3_2_2_StagHunt,20260307-193242,cadb35fb,2,10.0,Full,TFT,1,1_1_1_Prisoners,800,1200,400,0.3823667525027534,0.043219371177256105,0.8084319002430614,0.4125,802.0,0.26429127431008964,0.043219371177256105,0.502511112689972,0.4125,802.0,0.2,0.1326932472727928,0.11602493993869445,0.11602139268903576,0.1276974716980667,0.11982804243355309,0.11982451104978462,11.990537706241012,-4.519807427005641,2.068886317635646
scripts\BMA-Study\EG10_group\full_vs_TFT_EG10.db,EG10_group,full_vs_TFT_EG10.db,3_2_2_StagHunt-1_1_1_Prisoners-3_2_2_StagHunt,20260307-193242,cadb35fb,2,10.0,Full,TFT,2,3_2_2_StagHunt,1200,2000,800,0.48557204419482036,0.3081668603420258,0.49933519290302514,0.0,,0.013985177762806415,0.18040820240974426,0.0008215808868408203,0.94125,1247.0,0.0,-0.1985985098808644,0.09469910324779607,0.09471279237210675,0.21218619108415263,-0.2727147091103507,-0.2727145945764674,16.39316787302494,-4.984605862927011,2.0020655672847543
scripts\BMA-Study\EG10_group\Grim_vs_Grim_EG10.db,EG10_group,Grim_vs_Grim_EG10.db,1_2_2_Chicken-1_1_1_Prisoners-1_2_2_Chicken,20260309-141956,d6554bb8,7,10.0,Full Grim,Grim,0,1_2_2_Chicken,0,800,800,0.1593143193809567,0.5134678479526453,0.10959012331275061,0.5975,46.0,0.10002595002089948,0.06591546327807009,0.09679430544376373,0.655,46.0,0.0,0.40533349253967493,-0.4237019547455056,-0.42370218396006226,0.1609503952291191,-0.16857475225882299,-0.16857497399880303,2.3930672014324226,0.5647706082335171,3.419683128229137
scripts\BMA-Study\EG10_group\Grim_vs_Grim_EG10.db,EG10_group,Grim_vs_Grim_EG10.db,1_2_2_Chicken-1_1_1_Prisoners-1_2_2_Chicken,20260309-141956,d6554bb8,7,10.0,Full Grim,Grim,1,1_1_1_Prisoners,800,1200,400,0.25583359848940745,0.10302454182878136,0.10483824104070663,0.2475,802.0,0.25583359848940745,0.10302454182878136,0.10483824104070663,0.2475,802.0,0.0,-0.0012901023574017807,-0.11416839742056996,-0.11417039423340083,-0.0012901023574017807,-0.11416839742056996,-0.11417039423340083,7.644294779854826,2.2636549670954182,3.878326483763491
scripts\BMA-Study\EG10_group\Grim_vs_Grim_EG10.db,EG10_group,Grim_vs_Grim_EG10.db,1_2_2_Chicken-1_1_1_Prisoners-1_2_2_Chicken,20260309-141956,d6554bb8,7,10.0,Full Grim,Grim,2,1_2_2_Chicken,1200,2000,800,0.08055379308760166,0.022743275165557863,0.0955407190322876,0.9975,1202.0,0.08041088841855526,0.020456800460815428,0.0955407190322876,0.9975,1202.0,0.0,-0.9807327643579896,0.9993920990762288,0.9993914543062448,-0.9807327643579896,0.9993920990762288,0.9993914543062448,3.6092133546966942,2.2865674072720945,3.889795896694344
scripts\BMA-Study\EG10_group\Grim_vs_Grim_EG10.db,EG10_group,Grim_vs_Grim_EG10.db,1_2_2_Chicken-1_1_1_Prisoners-1_2_2_Chicken,20260309-141956,d6554bb8,5,10.0,Full Grim,Grim,0,1_2_2_Chicken,0,800,800,0.18480559154733167,0.5543414674870758,0.10962423673807149,0.48875,54.0,0.10999111276774784,0.06370331287384033,0.09682805836200714,0.5625,0.0,0.0,0.4510362701137814,-0.4694613473982961,-0.469461205337206,0.11211509368893055,-0.12797897007195164,-0.12797881200336095,2.5125787925309853,0.5017580327122119,3.410218825663226
scripts\BMA-Study\EG10_group\Grim_vs_Grim_EG10.db,EG10_group,Grim_vs_Grim_EG10.db,1_2_2_Chicken-1_1_1_Prisoners-1_2_2_Chicken,20260309-141956,d6554bb8,5,10.0,Full Grim,Grim,1,1_1_1_Prisoners,800,1200,400,0.18429170025978237,0.2306922048702836,0.10349311605095864,0.2975,1139.0,0.18429170025978237,0.2306922048702836,0.10349311605095864,0.2975,1139.0,0.0,0.014096434495797314,0.05522519926222122,0.05522505576877308,0.014096434495797314,0.05522519926222122,0.05522505576877308,7.7029198241973065,2.261418131935377,3.877450863371503
scripts\BMA-Study\EG10_group\Grim_vs_Grim_EG10.db,EG10_group,Grim_vs_Grim_EG10.db,1_2_2_Chicken-1_1_1_Prisoners-1_2_2_Chicken,20260309-141956,d6554bb8,5,10.0,Full Grim,Grim,2,1_2_2_Chicken,1200,2000,800,0.0805333249270916,0.022262744903564453,0.0955479884147644,0.9975,1202.0,0.0803896963596344,0.019964687824249268,0.0955479884147644,0.9975,1202.0,0.0,-0.9794390932913135,0.9994039822231768,0.9994038998939343,-0.9794390932913135,0.9994039822231768,0.9994038998939343,3.5268371708047925,2.284326965487304,3.8887233035183653
scripts\BMA-Study\EG10_group\Grim_vs_Grim_EG10.db,EG10_group,Grim_vs_Grim_EG10.db,1_2_2_Chicken-1_1_1_Prisoners-1_2_2_Chicken,20260309-141956,d6554bb8,1,10.0,Full Grim,Grim,0,1_2_2_Chicken,0,800,800,0.17967797631085042,0.44793921468077047,0.1096577180632422,0.49125,40.0,0.11567890067672124,0.05614822452887893,0.0968603926897049,0.545,40.0,0.0,0.514579204503036,-0.537810982975267,-0.5378111010504993,0.2467590621916041,-0.26525828194316403,-0.2652583936303598,2.2224230181254097,0.6497277486604136,3.437998362865977
scripts\BMA-Study\EG10_group\Grim_vs_Grim_EG10.db,EG10_group,Grim_vs_Grim_EG10.db,1_2_2_Chicken-1_1_1_Prisoners-1_2_2_Chicken,20260309-141956,d6554bb8,1,10.0,Full Grim,Grim,1,1_1_1_Prisoners,800,1200,400,0.24891554894391446,0.09853956799954176,0.10445576012134553,0.2575,802.0,0.24891554894391446,0.09853956799954176,0.10445576012134553,0.2575,802.0,0.0,0.012864646522223107,-0.08904790244235525,-0.08904825465503155,0.012864646522223107,-0.08904790244235525,-0.08904825465503155,7.583174141934723,2.266720695853433,3.879855439425138
scripts\BMA-Study\EG10_group\Grim_vs_Grim_EG10.db,EG10_group,Grim_vs_Grim_EG10.db,1_2_2_Chicken-1_1_1_Prisoners-1_2_2_Chicken,20260309-141956,d6554bb8,1,10.0,Full Grim,Grim,2,1_2_2_Chicken,1200,2000,800,0.08043760590255261,0.022978955507278444,0.09554142951965332,0.9975,1202.0,0.08029468782246113,0.02069226622581482,0.09554142951965332,0.9975,1202.0,0.0,-0.9806776708709628,0.9993210954270842,0.9993215053377138,-0.9806776708709628,0.9993210954270842,0.9993215053377138,3.6625387062635855,2.285755961024819,3.8893927891139004
scripts\BMA-Study\EG10_group\Grim_vs_Grim_EG10.db,EG10_group,Grim_vs_Grim_EG10.db,1_2_2_Chicken-1_1_1_Prisoners-1_2_2_Chicken,20260309-141956,d6554bb8,3,10.0,Full Grim,Grim,0,1_2_2_Chicken,0,800,800,0.1697262935974257,0.4699568080262697,0.1096199450892162,0.49625,42.0,0.10537910065355391,0.05910793032031506,0.09682335138320923,0.5625,42.0,0.0,0.5595549406230349,-0.5656900956880162,-0.5656899380172551,0.23637117456263704,-0.23662446271611853,-0.2366242876920612,2.3806350845424458,0.5988165073191603,3.419897659629413
scripts\BMA-Study\EG10_group\Grim_vs_Grim_EG10.db,EG10_group,Grim_vs_Grim_EG10.db,1_2_2_Chicken-1_1_1_Prisoners-1_2_2_Chicken,20260309-141956,d6554bb8,3,10.0,Full Grim,Grim,1,1_1_1_Prisoners,800,1200,400,0.17565227675484493,0.05177740121260285,0.10192120119929314,0.3625,802.0,0.17565227675484493,0.05177740121260285,0.10192120119929314,0.3625,802.0,0.0,-0.09026702705652402,0.241638453201157,0.24162725538720592,-0.09026702705652402,0.241638453201157,0.24162725538720592,7.55475673152483,2.263465497240378,3.8784764632578286
scripts\BMA-Study\EG10_group\Grim_vs_Grim_EG10.db,EG10_group,Grim_vs_Grim_EG10.db,1_2_2_Chicken-1_1_1_Prisoners-1_2_2_Chicken,20260309-141956,d6554bb8,3,10.0,Full Grim,Grim,2,1_2_2_Chicken,1200,2000,800,0.0782644098997116,0.019712097644805908,0.0955391001701355,0.9975,1202.0,0.07811482295393944,0.01731870651245117,0.0955391001701355,0.9975,1202.0,0.0,-0.9815093744976381,0.9995960882069402,0.9995948927440581,-0.9815093744976381,0.9995960882069402,0.9995948927440581,3.6050040429239743,2.2739642578526813,3.883767646202557
scripts\BMA-Study\EG10_group\Grim_vs_Grim_EG10.db,EG10_group,Grim_vs_Grim_EG10.db,1_2_2_Chicken-1_1_1_Prisoners-1_2_2_Chicken,20260309-141956,d6554bb8,2,10.0,Full Grim,Grim,0,1_2_2_Chicken,0,800,800,0.17923143038120506,0.40329588966073543,0.10964897765453259,0.48,36.0,0.11035185966495192,0.05101812032982707,0.09685145914554597,0.60125,36.0,0.0,0.5977292152411698,-0.6392560933975574,-0.6392561163535299,0.18026257975824966,-0.24320823492018429,-0.2432082509142878,1.7039257089147577,0.8753804723496534,3.504821816393177
scripts\BMA-Study\EG10_group\Grim_vs_Grim_EG10.db,EG10_group,Grim_vs_Grim_EG10.db,1_2_2_Chicken-1_1_1_Prisoners-1_2_2_Chicken,20260309-141956,d6554bb8,2,10.0,Full Grim,Grim,1,1_1_1_Prisoners,800,1200,400,0.17617071247659624,0.15978779062628745,0.1133111073076725,0.295,802.0,0.17617071247659624,0.15978779062628745,0.1133111073076725,0.295,802.0,0.0,-0.06572441077756735,0.09445896536853354,0.09445896536853354,-0.06572441077756735,0.09445896536853354,0.09445896536853354,8.503195248696137,2.2476290019968688,3.8702291809025002
scripts\BMA-Study\EG10_group\Grim_vs_Grim_EG10.db,EG10_group,Grim_vs_Grim_EG10.db,1_2_2_Chicken-1_1_1_Prisoners-1_2_2_Chicken,20260309-141956,d6554bb8,2,10.0,Full Grim,Grim,2,1_2_2_Chicken,1200,2000,800,0.07875761091709137,0.02208708047866821,0.09553201913833619,0.9975,1202.0,0.07862022742629052,0.019888944625854492,0.09553201913833619,0.9975,1202.0,0.0,-0.9804099633410145,0.9998619057237663,0.9998608158197013,-0.9804099633410145,0.9998619057237663,0.9998608158197013,3.3705403583237783,2.290077768773501,3.891509357862782
scripts\BMA-Study\EG10_group\Grim_vs_Grim_EG10.db,EG10_group,Grim_vs_Grim_EG10.db,1_2_2_Chicken-1_1_1_Prisoners-1_2_2_Chicken,20260309-141956,d6554bb8,4,10.0,Full Grim,Grim,0,1_2_2_Chicken,0,800,800,0.15198380335400793,0.46996715475950696,0.10960142927599557,0.56,42.0,0.1013436214596004,0.059117831387557086,0.09680545866489411,0.62875,42.0,0.0,0.4407552668051464,-0.4690936673769737,-0.4690937276339596,0.1072760432184159,-0.15892475483875929,-0.15892480237372308,1.9780740983822034,0.7592364282681052,3.4827588028196526
scripts\BMA-Study\EG10_group\Grim_vs_Grim_EG10.db,EG10_group,Grim_vs_Grim_EG10.db,1_2_2_Chicken-1_1_1_Prisoners-1_2_2_Chicken,20260309-141956,d6554bb8,4,10.0,Full Grim,Grim,1,1_1_1_Prisoners,800,1200,400,0.1819331228127703,0.1360789740458131,0.10667304992675782,0.3675,802.0,0.1819331228127703,0.1360789740458131,0.10667304992675782,0.3675,802.0,0.0,-0.0865615138170324,-0.14683470584978855,-0.1468173826369014,-0.0865615138170324,-0.14683470584978855,-0.1468173826369014,8.403967278723721,2.2584123339876347,3.8756630070436136
scripts\BMA-Study\EG10_group\Grim_vs_Grim_EG10.db,EG10_group,Grim_vs_Grim_EG10.db,1_2_2_Chicken-1_1_1_Prisoners-1_2_2_Chicken,20260309-141956,d6554bb8,4,10.0,Full Grim,Grim,2,1_2_2_Chicken,1200,2000,800,0.08095353923738002,0.025928170680999757,0.09554889678955078,0.9975,1202.0,0.08078674741089344,0.023259501457214355,0.09554889678955078,0.9975,1202.0,0.0,-0.9785242516014817,0.9999057281631345,0.9999056285032778,-0.9785242516014817,0.9999057281631345,0.9999056285032778,3.390426504932984,2.2986131069700693,3.8956365621868154
scripts\BMA-Study\EG10_group\Grim_vs_Grim_EG10.db,EG10_group,Grim_vs_Grim_EG10.db,1_2_2_Chicken-1_1_1_Prisoners-1_2_2_Chicken,20260309-141956,d6554bb8,8,10.0,Full Grim,Grim,0,1_2_2_Chicken,0,800,800,0.1604178762997725,0.4698300935035055,0.10958932258741907,0.52875,42.0,0.09785513120023097,0.05936009627766907,0.0967937844991684,0.62375,42.0,0.0,0.5906086536906073,-0.5887696459446715,-0.5887697262790123,0.14850567150266614,-0.18940317250790137,-0.18940323412161605,2.1718957833552848,0.772676109817632,3.4846424772977445
scripts\BMA-Study\EG10_group\Grim_vs_Grim_EG10.db,EG10_group,Grim_vs_Grim_EG10.db,1_2_2_Chicken-1_1_1_Prisoners-1_2_2_Chicken,20260309-141956,d6554bb8,8,10.0,Full Grim,Grim,1,1_1_1_Prisoners,800,1200,400,0.2045552399684675,0.06173541547730565,0.10615245118737221,0.2825,802.0,0.2045552399684675,0.06173541547730565,0.10615245118737221,0.2825,802.0,0.0,-0.0862342628442301,0.12062380180813337,0.12062397070554096,-0.0862342628442301,0.12062380180813337,0.12062397070554096,7.8873706940544075,2.263566760915827,3.8785034962135354
scripts\BMA-Study\EG10_group\Grim_vs_Grim_EG10.db,EG10_group,Grim_vs_Grim_EG10.db,1_2_2_Chicken-1_1_1_Prisoners-1_2_2_Chicken,20260309-141956,d6554bb8,8,10.0,Full Grim,Grim,2,1_2_2_Chicken,1200,2000,800,0.07911660224199295,0.022586936950683593,0.09554013133049011,0.9975,1202.0,0.07897352695465087,0.02029773235321045,0.09554013133049011,0.9975,1202.0,0.0,-0.9810093030213336,0.9993569547769909,0.9993574524445309,-0.9810093030213336,0.9993569547769909,0.9993574524445309,3.623714779856382,2.282858486072214,3.887977008148007
scripts\BMA-Study\EG10_group\Grim_vs_Grim_EG10.db,EG10_group,Grim_vs_Grim_EG10.db,1_2_2_Chicken-1_1_1_Prisoners-1_2_2_Chicken,20260309-141956,d6554bb8,6,10.0,Full Grim,Grim,0,1_2_2_Chicken,0,800,800,0.17524384764550363,0.5465748221268527,0.10962706887503998,0.46875,60.0,0.1001939208004842,0.056673288345336914,0.09683060944080353,0.57125,0.0,0.0,0.5434400474997754,-0.5448564357162653,-0.5448562290124089,0.0968982759998182,-0.12107778859615101,-0.12107756947629388,2.528375731689739,0.5126759985450975,3.420928813351361
scripts\BMA-Study\EG10_group\Grim_vs_Grim_EG10.db,EG10_group,Grim_vs_Grim_EG10.db,1_2_2_Chicken-1_1_1_Prisoners-1_2_2_Chicken,20260309-141956,d6554bb8,6,10.0,Full Grim,Grim,1,1_1_1_Prisoners,800,1200,400,0.16809362767962738,0.05711152626201511,0.1015505513548851,0.3375,825.0,0.16809362767962738,0.05711152626201511,0.1015505513548851,0.3375,825.0,0.0,-0.09169467427541309,0.19369789515774674,0.19369260901450192,-0.09169467427541309,0.19369789515774674,0.19369260901450192,7.763495193286799,2.2534738396639242,3.8735551541496136
scripts\BMA-Study\EG10_group\Grim_vs_Grim_EG10.db,EG10_group,Grim_vs_Grim_EG10.db,1_2_2_Chicken-1_1_1_Prisoners-1_2_2_Chicken,20260309-141956,d6554bb8,6,10.0,Full Grim,Grim,2,1_2_2_Chicken,1200,2000,800,0.07945546559989453,0.02367755174636841,0.09553850173950196,0.9975,1202.0,0.07929733686149121,0.021147491931915282,0.09553850173950196,0.9975,1202.0,0.0,-0.9795767939892875,0.9994359625899236,0.9994368529668484,-0.9795767939892875,0.9994359625899236,0.9994368529668484,3.5447351569079912,2.285847586349093,3.8894135354551067
scripts\BMA-Study\EG10_group\Grim_vs_Grim_EG10.db,EG10_group,Grim_vs_Grim_EG10.db,3_2_2_StagHunt-1_1_1_Prisoners-3_2_2_StagHunt,20260309-143734,d6554bb8,3,10.0,Full Grim,Grim,0,3_2_2_StagHunt,0,800,800,0.20156728070961766,0.53109349016774,0.09589797973632813,0.47625,190.0,0.09714451697833283,0.012907943616737612,0.09589797973632813,0.62375,0.0,0.0,0.7263568076211074,-0.8246137716943582,-0.8246160690738977,0.1219531395484539,-0.16246203272623283,-0.1624636239713447,2.4141662934920167,0.7306639312561504,3.4535097204061787
scripts\BMA-Study\EG10_group\Grim_vs_Grim_EG10.db,EG10_group,Grim_vs_Grim_EG10.db,3_2_2_StagHunt-1_1_1_Prisoners-3_2_2_StagHunt,20260309-143734,d6554bb8,3,10.0,Full Grim,Grim,1,1_1_1_Prisoners,800,1200,400,0.09197146039456129,0.09233637019991875,0.0920130105316639,1.0,800.0,0.09197146039456129,0.09233637019991875,0.0920130105316639,1.0,800.0,0.0,-0.19253498265028893,0.8252045915950065,0.825235133465279,-0.19253498265028893,0.8252045915950065,0.825235133465279,0.005272490717470646,2.325464513517118,3.9090402863475617
scripts\BMA-Study\EG10_group\Grim_vs_Grim_EG10.db,EG10_group,Grim_vs_Grim_EG10.db,3_2_2_StagHunt-1_1_1_Prisoners-3_2_2_StagHunt,20260309-143734,d6554bb8,3,10.0,Full Grim,Grim,2,3_2_2_StagHunt,1200,2000,800,0.09593486674129963,0.09604277208447456,0.09592876896262169,1.0,1200.0,0.09593486674129963,0.09604277208447456,0.09592876896262169,1.0,1200.0,0.0,-0.10071047398597152,0.53654723940631,0.5362843619317887,-0.10071047398597152,0.53654723940631,0.5362843619317887,0.005024933911627159,2.330470975626752,3.9115867582923443
scripts\BMA-Study\EG10_group\Grim_vs_Grim_EG10.db,EG10_group,Grim_vs_Grim_EG10.db,3_2_2_StagHunt-1_1_1_Prisoners-3_2_2_StagHunt,20260309-143734,d6554bb8,4,10.0,Full Grim,Grim,0,3_2_2_StagHunt,0,800,800,0.21606652845527508,0.5298492530638773,0.09593077838420867,0.40375,483.0,0.10810967169327342,0.013258380212937482,0.09593077838420867,0.54375,0.0,0.0,0.8608350881683361,-0.9504645629809965,-0.9504672323740775,0.2027812208407285,-0.25982287216682726,-0.25982452580883253,1.9422353227547138,0.8899469001419323,3.506918580347624
scripts\BMA-Study\EG10_group\Grim_vs_Grim_EG10.db,EG10_group,Grim_vs_Grim_EG10.db,3_2_2_StagHunt-1_1_1_Prisoners-3_2_2_StagHunt,20260309-143734,d6554bb8,4,10.0,Full Grim,Grim,1,1_1_1_Prisoners,800,1200,400,0.09197783071547747,0.09235937759280205,0.09201590642333031,1.0,800.0,0.09197783071547747,0.09235937759280205,0.09201590642333031,1.0,800.0,0.0,-0.04680553885172565,0.7362989796685073,0.7361910209737674,-0.04680553885172565,0.7362989796685073,0.7361910209737674,0.005291464658803306,2.325505669101346,3.9090612400383207
scripts\BMA-Study\EG10_group\Grim_vs_Grim_EG10.db,EG10_group,Grim_vs_Grim_EG10.db,3_2_2_StagHunt-1_1_1_Prisoners-3_2_2_StagHunt,20260309-143734,d6554bb8,4,10.0,Full Grim,Grim,2,3_2_2_StagHunt,1200,2000,800,0.09593558246269822,0.096047523021698,0.09592764720320701,1.0,1200.0,0.09593558246269822,0.096047523021698,0.09592764720320701,1.0,1200.0,0.0,-0.08549558119287178,0.443554975362587,0.4432230013539305,-0.08549558119287178,0.443554975362587,0.4432230013539305,0.004992100007948466,2.3304762143619095,3.9115894307012002
scripts\BMA-Study\EG10_group\Grim_vs_Grim_EG10.db,EG10_group,Grim_vs_Grim_EG10.db,3_2_2_StagHunt-1_1_1_Prisoners-3_2_2_StagHunt,20260309-143734,d6554bb8,2,10.0,Full Grim,Grim,0,3_2_2_StagHunt,0,800,800,0.17889027831688842,0.5562821941810681,0.09589917495846749,0.56,146.0,0.08973577205124457,0.012010503549245186,0.09589917495846749,0.695,0.0,0.0,0.6175875098492762,-0.6869346631762506,-0.6869373117691262,-0.011003462024717347,-0.028929497588273557,-0.028931444473496014,1.8409210853802507,0.9391201791431518,3.512988974596467
scripts\BMA-Study\EG10_group\Grim_vs_Grim_EG10.db,EG10_group,Grim_vs_Grim_EG10.db,3_2_2_StagHunt-1_1_1_Prisoners-3_2_2_StagHunt,20260309-143734,d6554bb8,2,10.0,Full Grim,Grim,1,1_1_1_Prisoners,800,1200,400,0.09197541318833828,0.09234146758913994,0.09201556071639061,1.0,800.0,0.09197541318833828,0.09234146758913994,0.09201556071639061,1.0,800.0,0.0,-0.18268772206196934,0.81086326481792,0.8107015567849609,-0.18268772206196934,0.81086326481792,0.8107015567849609,0.005314011821756139,2.325501404714872,3.9090590794813123
scripts\BMA-Study\EG10_group\Grim_vs_Grim_EG10.db,EG10_group,Grim_vs_Grim_EG10.db,3_2_2_StagHunt-1_1_1_Prisoners-3_2_2_StagHunt,20260309-143734,d6554bb8,2,10.0,Full Grim,Grim,2,3_2_2_StagHunt,1200,2000,800,0.09593461549840868,0.09604542881250382,0.09592830836772918,1.0,1200.0,0.09593461549840868,0.09604542881250382,0.09592830836772918,1.0,1200.0,0.0,-0.10109185183422602,0.6252915498650435,0.6251074361448369,-0.10109185183422602,0.6252915498650435,0.6251074361448369,0.004970323880261276,2.3304733304637835,3.911587956729968
scripts\BMA-Study\EG10_group\Grim_vs_Grim_EG10.db,EG10_group,Grim_vs_Grim_EG10.db,3_2_2_StagHunt-1_1_1_Prisoners-3_2_2_StagHunt,20260309-143734,d6554bb8,1,10.0,Full Grim,Grim,0,3_2_2_StagHunt,0,800,800,0.19964704538122863,0.5383342559226515,0.09585555627942086,0.61375,212.0,0.08369457719909405,0.012713692694087514,0.09585555627942086,0.78375,0.0,0.0,0.4846473741144017,-0.5540838286846612,-0.5540884018019386,-0.1979730466719196,0.23025720282860299,0.23025362746422542,2.4028898797897273,0.6645276888897713,3.429566236771288
scripts\BMA-Study\EG10_group\Grim_vs_Grim_EG10.db,EG10_group,Grim_vs_Grim_EG10.db,3_2_2_StagHunt-1_1_1_Prisoners-3_2_2_StagHunt,20260309-143734,d6554bb8,1,10.0,Full Grim,Grim,1,1_1_1_Prisoners,800,1200,400,0.0919686771556735,0.0923177346587181,0.09201485738158226,1.0,800.0,0.0919686771556735,0.0923177346587181,0.09201485738158226,1.0,800.0,0.0,-0.1996557866296732,0.8409140451200798,0.8407645823321541,-0.1996557866296732,0.8409140451200798,0.8407645823321541,0.00519831872836221,2.325470986344663,3.90904360926082
scripts\BMA-Study\EG10_group\Grim_vs_Grim_EG10.db,EG10_group,Grim_vs_Grim_EG10.db,3_2_2_StagHunt-1_1_1_Prisoners-3_2_2_StagHunt,20260309-143734,d6554bb8,1,10.0,Full Grim,Grim,2,3_2_2_StagHunt,1200,2000,800,0.09593522695824504,0.09604507669806481,0.09592845380306243,1.0,1200.0,0.09593522695824504,0.09604507669806481,0.09592845380306243,1.0,1200.0,0.0,-0.023461866852183787,0.46886226890183513,0.4686159085055683,-0.023461866852183787,0.46886226890183513,0.4686159085055683,0.004954291169997305,2.330475910043091,3.911589275145431
scripts\BMA-Study\EG10_group\Grim_vs_Grim_EG10.db,EG10_group,Grim_vs_Grim_EG10.db,3_2_2_StagHunt-1_1_1_Prisoners-3_2_2_StagHunt,20260309-143734,d6554bb8,5,10.0,Full Grim,Grim,0,3_2_2_StagHunt,0,800,800,0.21330024802176933,0.4986456077983987,0.09589680761098862,0.45375,216.0,0.09685809690112364,0.012894245982170104,0.09589680761098862,0.625,0.0,0.0,0.7365939407354156,-0.8291324720511506,-0.8291333672573294,0.09194513907909496,-0.10783366948509225,-0.10783366866913201,2.756669059464475,0.5644793565330566,3.4057500879434475
scripts\BMA-Study\EG10_group\Grim_vs_Grim_EG10.db,EG10_group,Grim_vs_Grim_EG10.db,3_2_2_StagHunt-1_1_1_Prisoners-3_2_2_StagHunt,20260309-143734,d6554bb8,5,10.0,Full Grim,Grim,1,1_1_1_Prisoners,800,1200,400,0.0919721702300012,0.09233854413032531,0.09201675355434417,1.0,800.0,0.0919721702300012,0.09233854413032531,0.09201675355434417,1.0,800.0,0.0,-0.17046136975755893,0.8429967305152106,0.8428400755704634,-0.17046136975755893,0.8429967305152106,0.8428400755704634,0.005310500681516715,2.3254832872574163,3.9090498429031117
scripts\BMA-Study\EG10_group\Grim_vs_Grim_EG10.db,EG10_group,Grim_vs_Grim_EG10.db,3_2_2_StagHunt-1_1_1_Prisoners-3_2_2_StagHunt,20260309-143734,d6554bb8,5,10.0,Full Grim,Grim,2,3_2_2_StagHunt,1200,2000,800,0.09593601049855352,0.09604867979884148,0.09592880919575691,1.0,1200.0,0.09593601049855352,0.09604867979884148,0.09592880919575691,1.0,1200.0,0.0,-0.051925248206251995,0.3778167660408292,0.3775004069863937,-0.051925248206251995,0.3778167660408292,0.3775004069863937,0.004955922036897391,2.330474830766777,3.911588721297532
scripts\BMA-Study\EG10_group\Grim_vs_Grim_EG10.db,EG10_group,Grim_vs_Grim_EG10.db,3_2_2_StagHunt-1_1_1_Prisoners-3_2_2_StagHunt,20260309-143734,d6554bb8,6,10.0,Full Grim,Grim,0,3_2_2_StagHunt,0,800,800,0.22843556635416384,0.4944950146762864,0.0959628027677536,0.38625,498.0,0.10789789352653316,0.011415203809738159,0.0959628027677536,0.5625,0.0,0.0,0.8898212058393542,-0.9447191197533771,-0.944719703153547,0.10444031050175677,-0.11043588320127246,-0.11043536666005041,2.244143394838611,0.6988461466955723,3.4567769185986053
scripts\BMA-Study\EG10_group\Grim_vs_Grim_EG10.db,EG10_group,Grim_vs_Grim_EG10.db,3_2_2_StagHunt-1_1_1_Prisoners-3_2_2_StagHunt,20260309-143734,d6554bb8,6,10.0,Full Grim,Grim,1,1_1_1_Prisoners,800,1200,400,0.09197647409513593,0.09236657977104187,0.09201412945985794,1.0,800.0,0.09197647409513593,0.09236657977104187,0.09201412945985794,1.0,800.0,0.0,-0.055659662173808806,0.4770926092822486,0.47706295456133385,-0.055659662173808806,0.4770926092822486,0.47706295456133385,0.005368284446303733,2.325435790285935,3.9090256555921092
scripts\BMA-Study\EG10_group\Grim_vs_Grim_EG10.db,EG10_group,Grim_vs_Grim_EG10.db,3_2_2_StagHunt-1_1_1_Prisoners-3_2_2_StagHunt,20260309-143734,d6554bb8,6,10.0,Full Grim,Grim,2,3_2_2_StagHunt,1200,2000,800,0.09593507420271635,0.09604506954550743,0.09592890158295632,1.0,1200.0,0.09593507420271635,0.09604506954550743,0.09592890158295632,1.0,1200.0,0.0,-0.08230747196081965,0.5637663175021581,0.5635905558711753,-0.08230747196081965,0.5637663175021581,0.5635905558711753,0.005015202576469164,2.330463250778114,3.911582820653075
scripts\BMA-Study\EG10_group\Grim_vs_Grim_EG10.db,EG10_group,Grim_vs_Grim_EG10.db,3_2_2_StagHunt-1_1_1_Prisoners-3_2_2_StagHunt,20260309-143734,d6554bb8,8,10.0,Full Grim,Grim,0,3_2_2_StagHunt,0,800,800,0.19065468093179164,0.5319654416794602,0.09590143129229546,0.48625,434.0,0.095988373359869,0.013397585917264223,0.09590143129229546,0.63625,0.0,0.0,0.7632179651515164,-0.8726678424301674,-0.87267176094275,0.0676860121403546,-0.14025993844586307,-0.14026293857561006,1.8626213555925641,0.8762955443536548,3.5086632434155582
scripts\BMA-Study\EG10_group\Grim_vs_Grim_EG10.db,EG10_group,Grim_vs_Grim_EG10.db,3_2_2_StagHunt-1_1_1_Prisoners-3_2_2_StagHunt,20260309-143734,d6554bb8,8,10.0,Full Grim,Grim,1,1_1_1_Prisoners,800,1200,400,0.091974658947438,0.09234262004494667,0.09201553255319596,1.0,800.0,0.091974658947438,0.09234262004494667,0.09201553255319596,1.0,800.0,0.0,-0.1376663341235448,0.8323806351007923,0.8324355194433145,-0.1376663341235448,0.8323806351007923,0.8324355194433145,0.005286156538059004,2.3254853894362886,3.909050912772259
scripts\BMA-Study\EG10_group\Grim_vs_Grim_EG10.db,EG10_group,Grim_vs_Grim_EG10.db,3_2_2_StagHunt-1_1_1_Prisoners-3_2_2_StagHunt,20260309-143734,d6554bb8,8,10.0,Full Grim,Grim,2,3_2_2_StagHunt,1200,2000,800,0.09593526158481837,0.09604711577296257,0.09592795804142952,1.0,1200.0,0.09593526158481837,0.09604711577296257,0.09592795804142952,1.0,1200.0,0.0,-0.05181241544850217,0.4540696922018014,0.45374165700527813,-0.05181241544850217,0.4540696922018014,0.45374165700527813,0.005034780455462169,2.3304642106680054,3.9115833066560763
scripts\BMA-Study\EG10_group\Grim_vs_Grim_EG10.db,EG10_group,Grim_vs_Grim_EG10.db,3_2_2_StagHunt-1_1_1_Prisoners-3_2_2_StagHunt,20260309-143734,d6554bb8,7,10.0,Full Grim,Grim,0,3_2_2_StagHunt,0,800,800,0.21694525900451822,0.5150092575481032,0.09589320227503777,0.49125,223.0,0.09200328891492973,0.013379619504557922,0.09589320227503777,0.675,0.0,0.0,0.743500133005129,-0.8425585306230081,-0.8425622365613109,0.04917147770520436,-0.019783163056039135,-0.019785842107276817,2.811616333186685,0.7030367282309039,3.4395726546571486
scripts\BMA-Study\EG10_group\Grim_vs_Grim_EG10.db,EG10_group,Grim_vs_Grim_EG10.db,3_2_2_StagHunt-1_1_1_Prisoners-3_2_2_StagHunt,20260309-143734,d6554bb8,7,10.0,Full Grim,Grim,1,1_1_1_Prisoners,800,1200,400,0.09197398023679852,0.09234110981225968,0.09201447889208794,1.0,800.0,0.09197398023679852,0.09234110981225968,0.09201447889208794,1.0,800.0,0.0,-0.1962603803281083,0.8319699009950964,0.8319715609497698,-0.1962603803281083,0.8319699009950964,0.8319715609497698,0.005321345446864143,2.32550176245904,3.90905926393824
scripts\BMA-Study\EG10_group\Grim_vs_Grim_EG10.db,EG10_group,Grim_vs_Grim_EG10.db,3_2_2_StagHunt-1_1_1_Prisoners-3_2_2_StagHunt,20260309-143734,d6554bb8,7,10.0,Full Grim,Grim,2,3_2_2_StagHunt,1200,2000,800,0.09593533537350594,0.09604451850056649,0.09592844784259796,1.0,1200.0,0.09593533537350594,0.09604451850056649,0.09592844784259796,1.0,1200.0,0.0,-0.030983792027258948,0.4496952341591281,0.44942377461063765,-0.030983792027258948,0.4496952341591281,0.44942377461063765,0.005002584462054074,2.3304777903078215,3.9115902316096895
scripts\BMA-Study\EG10_group\TFT_vs_TFT_EG10.db,EG10_group,TFT_vs_TFT_EG10.db,1_2_2_Chicken-1_1_1_Prisoners-1_2_2_Chicken,20260307-223701,cadb35fb,2,10.0,Full TFT,TFT,0,1_2_2_Chicken,0,800,800,0.6967163011745439,0.6142914705577921,0.7037568796059097,0.00125,,0.00689783401787281,0.005935676097869873,0.004749634265899658,1.0,0.0,0.0,-0.7794124721268924,0.9050281041481129,0.9050238724274126,0.646815183858931,-0.7663197680115912,-0.7663148966409579,0.6551503598561976,0.7364206601183767,3.2875508378810303
scripts\BMA-Study\EG10_group\TFT_vs_TFT_EG10.db,EG10_group,TFT_vs_TFT_EG10.db,1_2_2_Chicken-1_1_1_Prisoners-1_2_2_Chicken,20260307-223701,cadb35fb,2,10.0,Full TFT,TFT,1,1_1_1_Prisoners,800,1200,400,1.3338469822996608,1.3388263990765241,1.3349447796525622,0.0,,0.8826596938073635,0.8900073504447937,0.8842971694469451,0.0,,1.0,0.2149655334399728,-0.9921746941889281,-0.9922214065565295,0.2149655334399728,-0.9921746941889281,-0.9922214065565295,0.0051262753014452754,1.350370485704358,3.4683583481025697
scripts\BMA-Study\EG10_group\TFT_vs_TFT_EG10.db,EG10_group,TFT_vs_TFT_EG10.db,1_2_2_Chicken-1_1_1_Prisoners-1_2_2_Chicken,20260307-223701,cadb35fb,2,10.0,Full TFT,TFT,2,1_2_2_Chicken,1200,2000,800,0.7038829029345863,0.7028990047781889,0.7039474354189502,0.0,,0.00457069531083107,0.005982810258865356,0.004478061199188232,1.0,1200.0,0.0,0.17873123523558176,-0.9697154704673722,-0.9697708284656259,-0.17873123523558176,0.9697154704673722,0.9697708284656259,0.005006822709401604,1.2877114527499327,3.443412138026561
scripts\BMA-Study\EG10_group\TFT_vs_TFT_EG10.db,EG10_group,TFT_vs_TFT_EG10.db,1_2_2_Chicken-1_1_1_Prisoners-1_2_2_Chicken,20260307-223701,cadb35fb,8,10.0,Full TFT,TFT,0,1_2_2_Chicken,0,800,800,0.6946887065672515,0.6008330305472966,0.703757257103815,0.00125,,0.008719417229294778,0.0074475336074829104,0.00474909782409668,1.0,0.0,0.0,-0.7476055771527019,0.8982217201732506,0.8982275385269943,0.5950886445161161,-0.7377932793424425,-0.7377983390936566,0.6841056021410623,0.700361073586639,3.279074990265035
scripts\BMA-Study\EG10_group\TFT_vs_TFT_EG10.db,EG10_group,TFT_vs_TFT_EG10.db,1_2_2_Chicken-1_1_1_Prisoners-1_2_2_Chicken,20260307-223701,cadb35fb,8,10.0,Full TFT,TFT,1,1_1_1_Prisoners,800,1200,400,1.3338529779508486,1.3388331584492061,1.334948657024987,0.0,,0.8826687607169151,0.8900175642967224,0.8843030285835266,0.0,,1.0,0.20035521118644697,-0.991543658313572,-0.9915680746918111,0.20035521118644697,-0.991543658313572,-0.9915680746918111,0.0052565893298015,1.3503428549278271,3.4683472703725213
scripts\BMA-Study\EG10_group\TFT_vs_TFT_EG10.db,EG10_group,TFT_vs_TFT_EG10.db,1_2_2_Chicken-1_1_1_Prisoners-1_2_2_Chicken,20260307-223701,cadb35fb,8,10.0,Full TFT,TFT,2,1_2_2_Chicken,1200,2000,800,0.7038830034939261,0.7028991813184242,0.7039474891237054,0.0,,0.004570552334189415,0.005982557535171509,0.00447798490524292,1.0,1200.0,0.0,0.16737112681661098,-0.969428889196497,-0.9694603462074876,-0.16737112681661098,0.969428889196497,0.9694603462074876,0.005007097237976268,1.2877007859966993,3.443407921826201
scripts\BMA-Study\EG10_group\TFT_vs_TFT_EG10.db,EG10_group,TFT_vs_TFT_EG10.db,1_2_2_Chicken-1_1_1_Prisoners-1_2_2_Chicken,20260307-223701,cadb35fb,4,10.0,Full TFT,TFT,0,1_2_2_Chicken,0,800,800,0.6948538469083028,0.6012477114919637,0.703757075064586,0.00125,,0.008475324288010597,0.00684395432472229,0.004749356508255005,1.0,0.0,0.0,-0.789469627502277,0.9008049919215362,0.9008137906513718,0.6370203534772033,-0.7408136554958905,-0.7408214661296063,0.6812652308671386,0.7003993880695074,3.278701662436273
scripts\BMA-Study\EG10_group\TFT_vs_TFT_EG10.db,EG10_group,TFT_vs_TFT_EG10.db,1_2_2_Chicken-1_1_1_Prisoners-1_2_2_Chicken,20260307-223701,cadb35fb,4,10.0,Full TFT,TFT,1,1_1_1_Prisoners,800,1200,400,1.3338496934756687,1.3388280697129866,1.3349451223000302,0.0,,0.8826637940108776,0.8900098729133606,0.8842976868152619,0.0,,1.0,0.19880630873820057,-0.990864155068552,-0.9909038814134017,0.19880630873820057,-0.990864155068552,-0.9909038814134017,0.005208799276733771,1.350360200911515,3.468354228961699
scripts\BMA-Study\EG10_group\TFT_vs_TFT_EG10.db,EG10_group,TFT_vs_TFT_EG10.db,1_2_2_Chicken-1_1_1_Prisoners-1_2_2_Chicken,20260307-223701,cadb35fb,4,10.0,Full TFT,TFT,2,1_2_2_Chicken,1200,2000,800,0.7038829055485553,0.7028989677228236,0.7039474488451393,0.0,,0.004570691585540771,0.005982862710952759,0.004478042125701904,1.0,1200.0,0.0,0.17454032106734024,-0.9696029257315383,-0.9696485039690651,-0.17454032106734024,0.9696029257315383,0.9696485039690651,0.004940927724237554,1.2877115624676092,3.4434121781222586
scripts\BMA-Study\EG10_group\TFT_vs_TFT_EG10.db,EG10_group,TFT_vs_TFT_EG10.db,1_2_2_Chicken-1_1_1_Prisoners-1_2_2_Chicken,20260307-223701,cadb35fb,5,10.0,Full TFT,TFT,0,1_2_2_Chicken,0,800,800,0.6866936008679074,0.5791868854154935,0.7037567261753087,0.00125,,0.01873284883797169,0.0028359115123748778,0.004749852418899536,0.93625,0.0,0.0,-0.7630351818106854,0.9081616632868145,0.908171670624387,0.5724291107756652,-0.7055345940849649,-0.7055434069919803,0.744948264681152,0.690886914516118,3.2758209467642714
scripts\BMA-Study\EG10_group\TFT_vs_TFT_EG10.db,EG10_group,TFT_vs_TFT_EG10.db,1_2_2_Chicken-1_1_1_Prisoners-1_2_2_Chicken,20260307-223701,cadb35fb,5,10.0,Full TFT,TFT,1,1_1_1_Prisoners,800,1200,400,1.333849349283578,1.3388265567095388,1.3349453988729427,0.0,,0.8826632757484912,0.8900076031684876,0.8842981052398682,0.0,,1.0,0.2285341482131453,-0.9917574008076412,-0.9917473138204661,0.2285341482131453,-0.9917574008076412,-0.9917473138204661,0.00520344321266748,1.3503556785886741,3.4683524116941045
scripts\BMA-Study\EG10_group\TFT_vs_TFT_EG10.db,EG10_group,TFT_vs_TFT_EG10.db,1_2_2_Chicken-1_1_1_Prisoners-1_2_2_Chicken,20260307-223701,cadb35fb,5,10.0,Full TFT,TFT,2,1_2_2_Chicken,1200,2000,800,0.7038829028678881,0.7028989818933923,0.7039474186362144,0.0,,0.004570695385336876,0.005982842445373535,0.004478085041046143,1.0,1200.0,0.0,0.18407287608034514,-0.9693515870504034,-0.9693804801059257,-0.18407287608034514,0.9693515870504034,0.9693804801059257,0.004944949242344592,1.2877120202261705,3.4434123619999775
scripts\BMA-Study\EG10_group\TFT_vs_TFT_EG10.db,EG10_group,TFT_vs_TFT_EG10.db,1_2_2_Chicken-1_1_1_Prisoners-1_2_2_Chicken,20260307-223701,cadb35fb,3,10.0,Full TFT,TFT,0,1_2_2_Chicken,0,800,800,0.6949692400950027,0.6018009380983959,0.70375682770085,0.00125,,0.008302777409553527,0.006041805744171142,0.00474970817565918,1.0,0.0,0.0,-0.7696713286204174,0.9065013952184408,0.9065074717019292,0.6173348699857716,-0.7465790236206952,-0.7465841977063583,0.6970201473362977,0.6546168093137673,3.2661474721829773
scripts\BMA-Study\EG10_group\TFT_vs_TFT_EG10.db,EG10_group,TFT_vs_TFT_EG10.db,1_2_2_Chicken-1_1_1_Prisoners-1_2_2_Chicken,20260307-223701,cadb35fb,3,10.0,Full TFT,TFT,1,1_1_1_Prisoners,800,1200,400,1.3338467604765,1.3388270231020618,1.334943969930417,0.0,,0.8826593600213528,0.8900083065032959,0.8842959463596344,0.0,,1.0,0.19173029113193596,-0.9900382937875442,-0.9900986975991369,0.19173029113193596,-0.9900382937875442,-0.9900986975991369,0.005255846362560987,1.3503684020768842,3.468357513509365
scripts\BMA-Study\EG10_group\TFT_vs_TFT_EG10.db,EG10_group,TFT_vs_TFT_EG10.db,1_2_2_Chicken-1_1_1_Prisoners-1_2_2_Chicken,20260307-223701,cadb35fb,3,10.0,Full TFT,TFT,2,1_2_2_Chicken,1200,2000,800,0.7038828333630994,0.7028989397180038,0.7039473968186595,0.0,,0.004570794180035591,0.0059829032421112064,0.004478116035461426,1.0,1200.0,0.0,0.10063160481786072,-0.969774359442217,-0.9698111660447157,-0.10063160481786072,0.969774359442217,0.9698111660447157,0.005069276961730793,1.2877194333347786,3.443415289304062
scripts\BMA-Study\EG10_group\TFT_vs_TFT_EG10.db,EG10_group,TFT_vs_TFT_EG10.db,1_2_2_Chicken-1_1_1_Prisoners-1_2_2_Chicken,20260307-223701,cadb35fb,7,10.0,Full TFT,TFT,0,1_2_2_Chicken,0,800,800,0.6930225014546071,0.5930759544387025,0.7037568344276969,0.00125,,0.010422271788120269,0.006709170341491699,0.004749698638916016,1.0,0.0,0.0,-0.7549323296684134,0.8817427013754234,0.8817480646677855,0.589367022137133,-0.7071885645438152,-0.707193073792791,0.6905660176364472,0.7033912324405479,3.279847328160268
scripts\BMA-Study\EG10_group\TFT_vs_TFT_EG10.db,EG10_group,TFT_vs_TFT_EG10.db,1_2_2_Chicken-1_1_1_Prisoners-1_2_2_Chicken,20260307-223701,cadb35fb,7,10.0,Full TFT,TFT,1,1_1_1_Prisoners,800,1200,400,1.3338442740074539,1.3388215649109803,1.3349419666472928,0.0,,0.8826555995643139,0.8900000536441803,0.8842929172515869,0.0,,1.0,0.24393209592723283,-0.9919201681844292,-0.99187498344438,0.24393209592723283,-0.9919201681844292,-0.99187498344438,0.005279680882813409,1.3503892524983474,3.4683658730619733
scripts\BMA-Study\EG10_group\TFT_vs_TFT_EG10.db,EG10_group,TFT_vs_TFT_EG10.db,1_2_2_Chicken-1_1_1_Prisoners-1_2_2_Chicken,20260307-223701,cadb35fb,7,10.0,Full TFT,TFT,2,1_2_2_Chicken,1200,2000,800,0.7038828220025934,0.7028988376683165,0.7039473917838389,0.0,,0.004570810347795487,0.005983048677444458,0.004478123188018799,1.0,1200.0,0.0,0.11841877012286274,-0.9695129025296363,-0.9695533212139756,-0.11841877012286274,0.9695129025296363,0.9695533212139756,0.005045650880492758,1.2877212986986053,3.4434160289442666
scripts\BMA-Study\EG10_group\TFT_vs_TFT_EG10.db,EG10_group,TFT_vs_TFT_EG10.db,1_2_2_Chicken-1_1_1_Prisoners-1_2_2_Chicken,20260307-223701,cadb35fb,1,10.0,Full TFT,TFT,0,1_2_2_Chicken,0,800,800,0.6955806873970123,0.6062693799444986,0.7037571211833865,0.00125,,0.007788968533277512,0.0055660676956176755,0.004749290943145752,1.0,0.0,0.0,-0.7767795541043269,0.9127087637570966,0.9127132595043128,0.6310071509600974,-0.7599034676980908,-0.7599071764198825,0.6915061782090924,0.6357580314850267,3.260375145105164
scripts\BMA-Study\EG10_group\TFT_vs_TFT_EG10.db,EG10_group,TFT_vs_TFT_EG10.db,1_2_2_Chicken-1_1_1_Prisoners-1_2_2_Chicken,20260307-223701,cadb35fb,1,10.0,Full TFT,TFT,1,1_1_1_Prisoners,800,1200,400,1.3338509998353163,1.3388312782878808,1.3349471079598474,0.0,,0.882665768712759,0.8900147199630737,0.8843006861209869,0.0,,1.0,0.21276246597929283,-0.9892795179060107,-0.9892935268073842,0.21276246597929283,-0.9892795179060107,-0.9892935268073842,0.0051370507973479106,1.3503460589536138,3.468348554725772
scripts\BMA-Study\EG10_group\TFT_vs_TFT_EG10.db,EG10_group,TFT_vs_TFT_EG10.db,1_2_2_Chicken-1_1_1_Prisoners-1_2_2_Chicken,20260307-223701,cadb35fb,1,10.0,Full TFT,TFT,2,1_2_2_Chicken,1200,2000,800,0.7038829697232089,0.7028991427919629,0.7039474840888856,0.0,,0.004570600315928459,0.005982612371444702,0.004477992057800293,1.0,1200.0,0.0,0.23253202410091062,-0.9695997487335611,-0.9696461484328808,-0.23253202410091062,0.9695997487335611,0.9696461484328808,0.004998098833893892,1.2877042968388057,3.4434093074222063
scripts\BMA-Study\EG10_group\TFT_vs_TFT_EG10.db,EG10_group,TFT_vs_TFT_EG10.db,1_2_2_Chicken-1_1_1_Prisoners-1_2_2_Chicken,20260307-223701,cadb35fb,6,10.0,Full TFT,TFT,0,1_2_2_Chicken,0,800,800,0.6854930004342684,0.5677002278897829,0.7037565273839698,0.00125,,0.019741229861974716,0.001494901180267334,0.004750134944915771,0.9425,0.0,0.0,-0.7363421216528174,0.9045940906835009,0.9046006223675035,0.5273401016995345,-0.6811226072681643,-0.6811278844841451,0.7973358314397047,0.6943651942248397,3.2800415568538877
scripts\BMA-Study\EG10_group\TFT_vs_TFT_EG10.db,EG10_group,TFT_vs_TFT_EG10.db,1_2_2_Chicken-1_1_1_Prisoners-1_2_2_Chicken,20260307-223701,cadb35fb,6,10.0,Full TFT,TFT,1,1_1_1_Prisoners,800,1200,400,1.3338493157829308,1.3388253766963913,1.3349458506440357,0.0,,0.882663225531578,0.8900058245658875,0.8842987859249115,0.0,,1.0,0.1395283477677606,-0.9907759973361048,-0.9908183196117762,0.1395283477677606,-0.9907759973361048,-0.9908183196117762,0.005285064058844,1.3503488194973112,3.4683496606235322
scripts\BMA-Study\EG10_group\TFT_vs_TFT_EG10.db,EG10_group,TFT_vs_TFT_EG10.db,1_2_2_Chicken-1_1_1_Prisoners-1_2_2_Chicken,20260307-223701,cadb35fb,6,10.0,Full TFT,TFT,2,1_2_2_Chicken,1200,2000,800,0.7038829293159293,0.7028990618545217,0.703947452201686,0.0,,0.004570657759904862,0.005982728004455567,0.004478037357330322,1.0,1200.0,0.0,0.1799661729819053,-0.9696206278536544,-0.9696789299649646,-0.1799661729819053,0.9696206278536544,0.9696789299649646,0.0049410138599341735,1.2877095731146249,3.443411392705168
scripts\BMA-Study\EG10_group\TFT_vs_TFT_EG10.db,EG10_group,TFT_vs_TFT_EG10.db,3_2_2_StagHunt-1_1_1_Prisoners-3_2_2_StagHunt,20260307-225255,cadb35fb,3,10.0,Full TFT,TFT,0,3_2_2_StagHunt,0,800,800,0.4677778687959206,0.40914413514030074,0.4907256116408524,0.03,,0.020923916915780865,0.016987220672890543,0.01137824535369873,0.9475,0.0,0.0,-0.10938811064987898,-0.08835956336256001,-0.08836876204017818,0.17199395879585871,0.19154093446698775,0.191551557181576,15.353126293942331,-4.864708116216127,2.020211524010852
scripts\BMA-Study\EG10_group\TFT_vs_TFT_EG10.db,EG10_group,TFT_vs_TFT_EG10.db,3_2_2_StagHunt-1_1_1_Prisoners-3_2_2_StagHunt,20260307-225255,cadb35fb,3,10.0,Full TFT,TFT,1,1_1_1_Prisoners,800,1200,400,0.7584833862178791,0.18370818108320236,1.0786976241789603,0.0,,0.490781139805913,0.18370818108320236,0.7176668590307236,0.0,,0.4575,0.8125930592629705,0.3778240281103681,0.3778240281103681,0.7320808586478164,0.42533576453862765,0.42533576453862765,14.332418924644589,-4.331895089731457,2.0952534594248555
scripts\BMA-Study\EG10_group\TFT_vs_TFT_EG10.db,EG10_group,TFT_vs_TFT_EG10.db,3_2_2_StagHunt-1_1_1_Prisoners-3_2_2_StagHunt,20260307-225255,cadb35fb,3,10.0,Full TFT,TFT,2,3_2_2_StagHunt,1200,2000,800,0.05192419096827507,0.2378988230228424,0.0073808860778808594,0.80625,1355.0,0.04513861104846001,0.2121700370311737,0.0073808860778808594,0.80625,1355.0,0.0,0.8707691174239983,-0.9951407300239598,-0.9951414851613243,0.8719284459068022,-0.9964379714588345,-0.9964387283216386,0.18272733062738553,-0.22367934640922912,2.963850281300868
scripts\BMA-Study\EG10_group\TFT_vs_TFT_EG10.db,EG10_group,TFT_vs_TFT_EG10.db,3_2_2_StagHunt-1_1_1_Prisoners-3_2_2_StagHunt,20260307-225255,cadb35fb,1,10.0,Full TFT,TFT,0,3_2_2_StagHunt,0,800,800,0.46660396702587065,0.4059733744569553,0.4910676278266656,0.03,,0.022024734255683142,0.015573167954571546,0.010831694006919862,0.93875,0.0,0.0,-0.15851610818067244,-0.11799238805247012,-0.117922782760122,0.25493945146068503,0.2012222655002355,0.20110980489187275,15.256769367661327,-4.862055289656292,2.0204845838269567
scripts\BMA-Study\EG10_group\TFT_vs_TFT_EG10.db,EG10_group,TFT_vs_TFT_EG10.db,3_2_2_StagHunt-1_1_1_Prisoners-3_2_2_StagHunt,20260307-225255,cadb35fb,1,10.0,Full TFT,TFT,1,1_1_1_Prisoners,800,1200,400,0.7892664964787841,0.39379758717675967,1.1744350013940088,0.0,,0.5029190598987043,0.28719994410872457,0.7136135238409043,0.0,,0.4875,0.7630677066731666,0.23915268220426375,0.23915259966402627,0.6661037880959086,0.24491039740033457,0.2449103151299829,14.658287061825394,-4.292520111248525,2.100933270044492
scripts\BMA-Study\EG10_group\TFT_vs_TFT_EG10.db,EG10_group,TFT_vs_TFT_EG10.db,3_2_2_StagHunt-1_1_1_Prisoners-3_2_2_StagHunt,20260307-225255,cadb35fb,1,10.0,Full TFT,TFT,2,3_2_2_StagHunt,1200,2000,800,0.4825724417754238,0.44295296318830857,0.4950435939566043,0.0,,0.01826992930844426,0.06029811382293701,0.0054967373609542845,0.9375,1207.0,0.0,-0.15989096996097968,-0.23203195090154138,-0.2320184809761229,0.23103350216003943,0.3394553334759783,0.33945518871307556,15.523081597201527,-4.926289984811752,2.0100516941041637
scripts\BMA-Study\EG10_group\TFT_vs_TFT_EG10.db,EG10_group,TFT_vs_TFT_EG10.db,3_2_2_StagHunt-1_1_1_Prisoners-3_2_2_StagHunt,20260307-225255,cadb35fb,2,10.0,Full TFT,TFT,0,3_2_2_StagHunt,0,800,800,0.4667370351237418,0.3658172542717951,0.49010989268964666,0.02875,,0.022990855423777247,0.015432827927870676,0.012145902514457702,0.94,0.0,0.0,-0.13505624457854665,-0.08408860143646321,-0.08409461714799882,0.21980125633665026,0.24206030607084422,0.2420654619930357,15.335527294995263,-4.852651876869544,2.0218720396847467
scripts\BMA-Study\EG10_group\TFT_vs_TFT_EG10.db,EG10_group,TFT_vs_TFT_EG10.db,3_2_2_StagHunt-1_1_1_Prisoners-3_2_2_StagHunt,20260307-225255,cadb35fb,2,10.0,Full TFT,TFT,1,1_1_1_Prisoners,800,1200,400,0.7710016550994553,0.4310946827040023,0.6994993230418431,0.0,,0.5001281105354428,0.3102835577726364,0.4569025292992592,0.0,,0.4625,0.6126217334523167,0.3910415260505403,0.3910503569415895,0.5274411426405049,0.45288940901757857,0.4528900865014668,14.911266659125685,-4.380797595293243,2.087516129892883
scripts\BMA-Study\EG10_group\TFT_vs_TFT_EG10.db,EG10_group,TFT_vs_TFT_EG10.db,3_2_2_StagHunt-1_1_1_Prisoners-3_2_2_StagHunt,20260307-225255,cadb35fb,2,10.0,Full TFT,TFT,2,3_2_2_StagHunt,1200,2000,800,0.4794539732251216,0.3833246931509976,0.4885942003879732,0.0,,0.021548557579517364,0.11554022908210754,0.013014285564422608,0.925,1219.0,0.0,-0.04112869118030538,-0.24662316919272842,-0.246615665097141,0.09876472390860348,0.39649183695313506,0.3964868447327477,15.443938656300306,-4.939804208512188,2.0081412827921366
scripts\BMA-Study\EG10_group\TFT_vs_TFT_EG10.db,EG10_group,TFT_vs_TFT_EG10.db,3_2_2_StagHunt-1_1_1_Prisoners-3_2_2_StagHunt,20260307-225255,cadb35fb,4,10.0,Full TFT,TFT,0,3_2_2_StagHunt,0,800,800,0.46956768326322235,0.40959954993933984,0.49032214199369706,0.025,,0.021349194748472654,0.01655116109410301,0.011905220150947571,0.94375,0.0,0.0,-0.09674700198176872,-0.2468045517670554,-0.24680097413573124,0.16871065541957014,0.5440799152984876,0.5440797803529737,15.572248524222523,-4.811081091816012,2.028205198876246
scripts\BMA-Study\EG10_group\TFT_vs_TFT_EG10.db,EG10_group,TFT_vs_TFT_EG10.db,3_2_2_StagHunt-1_1_1_Prisoners-3_2_2_StagHunt,20260307-225255,cadb35fb,4,10.0,Full TFT,TFT,1,1_1_1_Prisoners,800,1200,400,0.7715017078952034,0.3950029111260861,0.9531478601189172,0.0,,0.49696543263271453,0.2959121395647526,0.5840697056055069,0.0,,0.465,0.6738260265974735,0.36679988474300074,0.36679966756028093,0.5737489130200659,0.43524549635999177,0.43524518863500455,14.725209828838706,-4.3851964281706355,2.0867604236914614
scripts\BMA-Study\EG10_group\TFT_vs_TFT_EG10.db,EG10_group,TFT_vs_TFT_EG10.db,3_2_2_StagHunt-1_1_1_Prisoners-3_2_2_StagHunt,20260307-225255,cadb35fb,4,10.0,Full TFT,TFT,2,3_2_2_StagHunt,1200,2000,800,0.4803961586710983,0.4193266620716591,0.49714839421143964,0.0,,0.019903184603899716,0.08484555184841155,0.003486364483833313,0.93375,1267.0,0.0,-0.042863472668368305,-0.20707648741444035,-0.2070712229039867,0.08000861611131097,0.3453137718715328,0.34531152118914965,15.453959784805775,-4.937039672446775,2.008554019386276
scripts\BMA-Study\EG10_group\TFT_vs_TFT_EG10.db,EG10_group,TFT_vs_TFT_EG10.db,3_2_2_StagHunt-1_1_1_Prisoners-3_2_2_StagHunt,20260307-225255,cadb35fb,6,10.0,Full TFT,TFT,0,3_2_2_StagHunt,0,800,800,0.4654879426601386,0.4905030628490658,0.4900554987829071,0.03,,0.022362308736192063,0.013009215593338013,0.010796138048171998,0.93,0.0,0.0,-0.13223583499125555,-0.3014554081718546,-0.30145327430353597,0.22769072428000353,0.6406620150423982,0.6406620247530922,15.34081554621458,-4.781720885297528,2.0329096057400338
scripts\BMA-Study\EG10_group\TFT_vs_TFT_EG10.db,EG10_group,TFT_vs_TFT_EG10.db,3_2_2_StagHunt-1_1_1_Prisoners-3_2_2_StagHunt,20260307-225255,cadb35fb,6,10.0,Full TFT,TFT,1,1_1_1_Prisoners,800,1200,400,0.7568982081740665,0.47411219785306213,0.7207802775093706,0.0,,0.4831025298498571,0.32633891209959986,0.4998064857721329,0.0,,0.45,0.8421273734955292,0.24646628227047923,0.2464664222338213,0.7302992950517246,0.30380839326653697,0.3038083564803617,14.899172352477908,-4.3049392736103815,2.0989839851904843
scripts\BMA-Study\EG10_group\TFT_vs_TFT_EG10.db,EG10_group,TFT_vs_TFT_EG10.db,3_2_2_StagHunt-1_1_1_Prisoners-3_2_2_StagHunt,20260307-225255,cadb35fb,6,10.0,Full TFT,TFT,2,3_2_2_StagHunt,1200,2000,800,0.06708811469376087,0.2466377115249634,0.007383893728256225,0.7675,1386.0,0.05861669056117535,0.2219359040260315,0.007383893728256225,0.7675,1386.0,0.0,0.913634542643717,-0.9889570617723986,-0.9889558743295873,0.9177539788043388,-0.9935303251899418,-0.9935294956398081,0.8977732752941665,-0.5389632344428945,2.896242808573147
scripts\BMA-Study\EG10_group\TFT_vs_TFT_EG10.db,EG10_group,TFT_vs_TFT_EG10.db,3_2_2_StagHunt-1_1_1_Prisoners-3_2_2_StagHunt,20260307-225255,cadb35fb,7,10.0,Full TFT,TFT,0,3_2_2_StagHunt,0,800,800,0.46771499762864766,0.46348904590293044,0.4892606147887541,0.02875,,0.021211125084664672,0.01681537875905633,0.011700515747070312,0.94875,0.0,0.0,-0.12076583282028679,-0.16873381358980272,-0.16873378535364092,0.2372844286627512,0.3241951731998948,0.32419511618317937,15.533908874383195,-4.822670853821729,2.026533781028279
scripts\BMA-Study\EG10_group\TFT_vs_TFT_EG10.db,EG10_group,TFT_vs_TFT_EG10.db,3_2_2_StagHunt-1_1_1_Prisoners-3_2_2_StagHunt,20260307-225255,cadb35fb,7,10.0,Full TFT,TFT,1,1_1_1_Prisoners,800,1200,400,0.778707569628949,0.4285045215232999,0.8445697299996671,0.0,,0.4982697727903724,0.3073239782452583,0.5185684549808502,0.0,,0.475,0.6807427599208323,0.340880820835462,0.3408808527932432,0.597692834715072,0.38635530960395326,0.38635534582499503,15.05774113945663,-4.337013073166037,2.0940966017630727
scripts\BMA-Study\EG10_group\TFT_vs_TFT_EG10.db,EG10_group,TFT_vs_TFT_EG10.db,3_2_2_StagHunt-1_1_1_Prisoners-3_2_2_StagHunt,20260307-225255,cadb35fb,7,10.0,Full TFT,TFT,2,3_2_2_StagHunt,1200,2000,800,0.4881859488617957,0.4388256644843091,0.498623372788675,0.0,,0.01312258791178465,0.06193408846855163,0.0017436522245407105,0.965,1211.0,0.0,0.045645992605702686,-0.08532591244556526,-0.08531483198780591,-0.024311375858203668,-0.10904671611351677,-0.10904589110912649,15.677018373906613,-4.9735553160863635,2.003572411737068
scripts\BMA-Study\EG10_group\TFT_vs_TFT_EG10.db,EG10_group,TFT_vs_TFT_EG10.db,3_2_2_StagHunt-1_1_1_Prisoners-3_2_2_StagHunt,20260307-225255,cadb35fb,5,10.0,Full TFT,TFT,0,3_2_2_StagHunt,0,800,800,0.4684456647475116,0.48991880529732534,0.4896591418342251,0.0275,,0.02140495456813369,0.012256588935852051,0.012820122241973876,0.94,0.0,0.0,-0.02293043002872256,-0.20974548582158764,-0.20973828184431476,0.10405174860747664,0.3522936080429576,0.3522931216327024,15.429160335101187,-4.788944220181316,2.0315960452850637
scripts\BMA-Study\EG10_group\TFT_vs_TFT_EG10.db,EG10_group,TFT_vs_TFT_EG10.db,3_2_2_StagHunt-1_1_1_Prisoners-3_2_2_StagHunt,20260307-225255,cadb35fb,5,10.0,Full TFT,TFT,1,1_1_1_Prisoners,800,1200,400,0.777491820503513,0.5773476801396762,1.032352965484788,0.0,,0.5025559612177313,0.3876118610799313,0.6405487447977066,0.0,,0.4675,0.6808164717883699,0.3207507599913746,0.32076025889154797,0.5892105228137241,0.39827290439436486,0.39827341048662873,14.792371437251568,-4.318836012149314,2.096919003019069
scripts\BMA-Study\EG10_group\TFT_vs_TFT_EG10.db,EG10_group,TFT_vs_TFT_EG10.db,3_2_2_StagHunt-1_1_1_Prisoners-3_2_2_StagHunt,20260307-225255,cadb35fb,5,10.0,Full TFT,TFT,2,3_2_2_StagHunt,1200,2000,800,0.48235101067707886,0.4245285027793816,0.4978278453572081,0.0,,0.01933318080380559,0.08193671643733978,0.0027669256925582884,0.93625,1264.0,0.0,-0.04710992922875981,-0.21020366656095635,-0.21020696685467155,0.09059781263266405,0.33615206512591655,0.33615279046351443,15.454489331431686,-4.939560129150472,2.00820743712148
scripts\BMA-Study\EG10_group\TFT_vs_TFT_EG10.db,EG10_group,TFT_vs_TFT_EG10.db,3_2_2_StagHunt-1_1_1_Prisoners-3_2_2_StagHunt,20260307-225255,cadb35fb,8,10.0,Full TFT,TFT,0,3_2_2_StagHunt,0,800,800,0.46766078266557964,0.40933132263403665,0.4910782279315815,0.03,,0.020801252589153593,0.01746678984258324,0.010993980169296265,0.945,0.0,0.0,-0.1453316569334977,-0.07811224161488002,-0.0781116354367698,0.222754980966065,0.1881296083962119,0.1881231941638502,15.331358878556639,-4.870785144531559,2.019351907732827
scripts\BMA-Study\EG10_group\TFT_vs_TFT_EG10.db,EG10_group,TFT_vs_TFT_EG10.db,3_2_2_StagHunt-1_1_1_Prisoners-3_2_2_StagHunt,20260307-225255,cadb35fb,8,10.0,Full TFT,TFT,1,1_1_1_Prisoners,800,1200,400,0.7554826175822771,0.27511129352236635,1.006723855485406,0.0,,0.4846310972981155,0.21552114471793174,0.6064156657457351,0.0,,0.4575,0.7280473290680721,0.38856486067020035,0.38856452209583414,0.6571503210327281,0.463191790032016,0.4631914584539516,14.621070200130344,-4.31585698480784,2.0979490535784624
scripts\BMA-Study\EG10_group\TFT_vs_TFT_EG10.db,EG10_group,TFT_vs_TFT_EG10.db,3_2_2_StagHunt-1_1_1_Prisoners-3_2_2_StagHunt,20260307-225255,cadb35fb,8,10.0,Full TFT,TFT,2,3_2_2_StagHunt,1200,2000,800,0.48323486622460055,0.42076305547314424,0.4974223011844366,0.0,,0.01891433581709862,0.08517293214797973,0.003147702217102051,0.94,1271.0,0.0,-0.07198287268677343,-0.20343385098314282,-0.20342609971806405,0.11594997499332067,0.33537619683399156,0.33537726756779734,15.594628029055894,-4.93696531019523,2.008569643808429
scripts\BMA-Study\EG1_group\full_vs_Grim_EG1.db,EG1_group,full_vs_Grim_EG1.db,1_2_2_Chicken-1_1_1_Prisoners-1_2_2_Chicken,20260308-224809,d6554bb8,6,1.0,Full,Grim,0,1_2_2_Chicken,0,800,800,0.39508883975336334,0.34759370014071467,0.4367800202362864,0.0,,0.1126986583136022,0.04759483501315117,0.07679607927799224,0.44125,0.0,0.0,0.06092555248237996,-0.05423884152713275,-0.054240195827169504,0.23247284888142072,-0.2046895741057803,-0.2046902650527418,2.5092369853379206,2.0590151832886767,3.7886918344816927
scripts\BMA-Study\EG1_group\full_vs_Grim_EG1.db,EG1_group,full_vs_Grim_EG1.db,1_2_2_Chicken-1_1_1_Prisoners-1_2_2_Chicken,20260308-224809,d6554bb8,6,1.0,Full,Grim,1,1_1_1_Prisoners,800,1200,400,0.008665240304544568,0.005523556200787425,0.015415068343281746,0.9975,800.0,0.008665240304544568,0.005523556200787425,0.015415068343281746,0.9975,800.0,0.0,-0.9367865214234495,0.9721760395510889,0.972134778273075,-0.9367865214234495,0.9721760395510889,0.972134778273075,6.5624583003297445,2.0110531208674174,3.7569466849542534
scripts\BMA-Study\EG1_group\full_vs_Grim_EG1.db,EG1_group,full_vs_Grim_EG1.db,1_2_2_Chicken-1_1_1_Prisoners-1_2_2_Chicken,20260308-224809,d6554bb8,6,1.0,Full,Grim,2,1_2_2_Chicken,1200,2000,800,0.043611665436888346,0.07477365246239667,0.043865162134170535,0.99375,1205.0,0.04206844978034496,0.05008220195770264,0.043865162134170535,0.995,1205.0,0.0,-0.9632444649300871,0.9986882012452285,0.9987310068322877,-0.9705776215467365,0.9928788841207996,0.9929214755152337,3.7024863176303917,2.400211177545737,3.9475266602922825
scripts\BMA-Study\EG1_group\full_vs_Grim_EG1.db,EG1_group,full_vs_Grim_EG1.db,1_2_2_Chicken-1_1_1_Prisoners-1_2_2_Chicken,20260308-224809,d6554bb8,2,1.0,Full,Grim,0,1_2_2_Chicken,0,800,800,0.389450598018122,0.2459823314845562,0.40778629506297803,0.0175,,0.11159600406885146,0.06598301336169243,0.10482597798109054,0.33625,117.0,0.0,0.16589451434276475,-0.09714705558283318,-0.09714617010759452,-0.09469799022964097,0.10877146354133714,0.10877061654990033,2.3559663658821957,2.062890253366769,3.791687224694456
scripts\BMA-Study\EG1_group\full_vs_Grim_EG1.db,EG1_group,full_vs_Grim_EG1.db,1_2_2_Chicken-1_1_1_Prisoners-1_2_2_Chicken,20260308-224809,d6554bb8,2,1.0,Full,Grim,1,1_1_1_Prisoners,800,1200,400,0.009655886641703547,0.006616223147138953,0.016190450359135865,0.9975,800.0,0.009655886641703547,0.006616223147138953,0.016190450359135865,0.9975,800.0,0.0,-0.9382285203528034,0.9696721027992244,0.9697088829987077,-0.9382285203528034,0.9696721027992244,0.9697088829987077,6.752722725598142,2.056339563352891,3.7778940982063496
scripts\BMA-Study\EG1_group\full_vs_Grim_EG1.db,EG1_group,full_vs_Grim_EG1.db,1_2_2_Chicken-1_1_1_Prisoners-1_2_2_Chicken,20260308-224809,d6554bb8,2,1.0,Full,Grim,2,1_2_2_Chicken,1200,2000,800,0.04094784485832927,0.07166783373134578,0.041098210811614994,0.99375,1205.0,0.039492518026381734,0.04838260442018509,0.041098210811614994,0.995,1205.0,0.0,-0.9629403734461115,0.9981665724143985,0.9981851540869012,-0.9629151044033959,0.9981662442399325,0.9981848259032081,3.734444861606462,2.397628174265677,3.9461879585769704
scripts\BMA-Study\EG1_group\full_vs_Grim_EG1.db,EG1_group,full_vs_Grim_EG1.db,1_2_2_Chicken-1_1_1_Prisoners-1_2_2_Chicken,20260308-224809,d6554bb8,7,1.0,Full,Grim,0,1_2_2_Chicken,0,800,800,0.36922698401328996,0.2913559207320213,0.3702693206705357,0.04,90.0,0.12420825398527086,0.061356774270534514,0.14080311954021454,0.3425,88.0,0.0,0.11702315028105545,-0.07685294296603024,-0.07685013673229026,-0.1833261224383204,0.19402811464107272,0.19402585424665442,2.2705482406471855,2.0634465131275492,3.7923625656196465
scripts\BMA-Study\EG1_group\full_vs_Grim_EG1.db,EG1_group,full_vs_Grim_EG1.db,1_2_2_Chicken-1_1_1_Prisoners-1_2_2_Chicken,20260308-224809,d6554bb8,7,1.0,Full,Grim,1,1_1_1_Prisoners,800,1200,400,0.010147787156747655,0.00721327100880444,0.016646573469042778,0.9975,800.0,0.010147787156747655,0.00721327100880444,0.016646573469042778,0.9975,800.0,0.0,-0.9358349705038941,0.9689327806428032,0.9689355134232273,-0.9358349705038941,0.9689327806428032,0.9689355134232273,6.734053374473006,2.082841081814477,3.790468621169539
scripts\BMA-Study\EG1_group\full_vs_Grim_EG1.db,EG1_group,full_vs_Grim_EG1.db,1_2_2_Chicken-1_1_1_Prisoners-1_2_2_Chicken,20260308-224809,d6554bb8,7,1.0,Full,Grim,2,1_2_2_Chicken,1200,2000,800,0.03915174267516263,0.06964655507814531,0.03903701424598694,0.99375,1205.0,0.03774262245744467,0.047100631594657896,0.03903701424598694,0.995,1205.0,0.0,-0.9635012642721308,0.9989082391971752,0.9989521871795245,-0.9634757842692054,0.9989079110222725,0.9989518589951122,3.7842351443634836,2.401300311684717,3.9480944248118486
scripts\BMA-Study\EG1_group\full_vs_Grim_EG1.db,EG1_group,full_vs_Grim_EG1.db,1_2_2_Chicken-1_1_1_Prisoners-1_2_2_Chicken,20260308-224809,d6554bb8,4,1.0,Full,Grim,0,1_2_2_Chicken,0,800,800,0.3956192011232387,0.27320358619093893,0.38692002033502554,0.01,,0.10866421025246381,0.06320438250899314,0.12484347403049469,0.38125,181.0,0.0,0.13780014252801687,-0.07574788355817966,-0.07575240813449281,-0.004114920554043749,0.022303604238081042,0.022307754660365983,2.836850739181973,2.036172703407364,3.779452873040619
scripts\BMA-Study\EG1_group\full_vs_Grim_EG1.db,EG1_group,full_vs_Grim_EG1.db,1_2_2_Chicken-1_1_1_Prisoners-1_2_2_Chicken,20260308-224809,d6554bb8,4,1.0,Full,Grim,1,1_1_1_Prisoners,800,1200,400,0.0091336909821257,0.006862905342131853,0.015349954180419446,0.9975,800.0,0.0091336909821257,0.006862905342131853,0.015349954180419446,0.9975,800.0,0.0,-0.934790572678656,0.9715446975329082,0.971591059411972,-0.934790572678656,0.9715446975329082,0.971591059411972,6.235764727713541,2.040651332669367,3.770302647754465
scripts\BMA-Study\EG1_group\full_vs_Grim_EG1.db,EG1_group,full_vs_Grim_EG1.db,1_2_2_Chicken-1_1_1_Prisoners-1_2_2_Chicken,20260308-224809,d6554bb8,4,1.0,Full,Grim,2,1_2_2_Chicken,1200,2000,800,0.043916124227358695,0.07477764324687004,0.044200003147125244,0.99375,1205.0,0.042374837994575504,0.05011706352233887,0.044200003147125244,0.995,1205.0,0.0,-0.9639504213556048,0.9993193531484346,0.9994019861772456,-0.9712413756511648,0.9938441444874447,0.9939265395470719,3.638911984957522,2.4012835710053575,3.948084045236602
scripts\BMA-Study\EG1_group\full_vs_Grim_EG1.db,EG1_group,full_vs_Grim_EG1.db,1_2_2_Chicken-1_1_1_Prisoners-1_2_2_Chicken,20260308-224809,d6554bb8,8,1.0,Full,Grim,0,1_2_2_Chicken,0,800,800,0.37403049041843245,0.27320663273334506,0.37995209518167805,0.01,,0.12281540718860924,0.06320742428302766,0.13153634160757066,0.3125,130.0,0.0,0.1459018540104234,-0.10244936203231908,-0.10244927054286962,-0.17871192627748872,0.206592822542563,0.20659325157920516,2.254361903963145,2.0635436897162163,3.7922700676217973
scripts\BMA-Study\EG1_group\full_vs_Grim_EG1.db,EG1_group,full_vs_Grim_EG1.db,1_2_2_Chicken-1_1_1_Prisoners-1_2_2_Chicken,20260308-224809,d6554bb8,8,1.0,Full,Grim,1,1_1_1_Prisoners,800,1200,400,0.009756814345601016,0.006678848494775593,0.016596103869378567,0.9975,800.0,0.009756814345601016,0.006678848494775593,0.016596103869378567,0.9975,800.0,0.0,-0.9351464031615416,0.9709784639851023,0.9710090093502103,-0.9351464031615416,0.9709784639851023,0.9710090093502103,6.8400298252981155,2.0587965948644156,3.779270329896792
scripts\BMA-Study\EG1_group\full_vs_Grim_EG1.db,EG1_group,full_vs_Grim_EG1.db,1_2_2_Chicken-1_1_1_Prisoners-1_2_2_Chicken,20260308-224809,d6554bb8,8,1.0,Full,Grim,2,1_2_2_Chicken,1200,2000,800,0.03924967198915451,0.0696110116397809,0.03926832437515259,0.99375,1205.0,0.03784319410100579,0.047107365429401395,0.03926832437515259,0.995,1205.0,0.0,-0.9639632958711112,0.9989838925830865,0.9990803279279602,-0.963937629396906,0.9989835644235927,0.9990799997538633,3.7948214070987887,2.399407224085628,3.9471126074600944
scripts\BMA-Study\EG1_group\full_vs_Grim_EG1.db,EG1_group,full_vs_Grim_EG1.db,1_2_2_Chicken-1_1_1_Prisoners-1_2_2_Chicken,20260308-224809,d6554bb8,1,1.0,Full,Grim,0,1_2_2_Chicken,0,800,800,0.3665404836918932,0.2641297033429146,0.36215919809583064,0.05,97.0,0.12434250195510685,0.06413044244050979,0.1485494777560234,0.37625,89.0,0.0,0.10022330092362822,-0.050668793565090034,-0.05066229155658217,-0.1617140630216978,0.16949510071334417,0.16948917706363126,2.3114755367604083,2.036413424105459,3.7799569855498345
scripts\BMA-Study\EG1_group\full_vs_Grim_EG1.db,EG1_group,full_vs_Grim_EG1.db,1_2_2_Chicken-1_1_1_Prisoners-1_2_2_Chicken,20260308-224809,d6554bb8,1,1.0,Full,Grim,1,1_1_1_Prisoners,800,1200,400,0.010616607018164359,0.007381444652564823,0.0173155509121716,0.9975,800.0,0.010616607018164359,0.007381444652564823,0.0173155509121716,0.9975,800.0,0.0,-0.9354329165755583,0.9674234190587164,0.967420477114373,-0.9354329165755583,0.9674234190587164,0.967420477114373,6.828774014413357,2.0851111605827537,3.7915633839946774
scripts\BMA-Study\EG1_group\full_vs_Grim_EG1.db,EG1_group,full_vs_Grim_EG1.db,1_2_2_Chicken-1_1_1_Prisoners-1_2_2_Chicken,20260308-224809,d6554bb8,1,1.0,Full,Grim,2,1_2_2_Chicken,1200,2000,800,0.03868877767508529,0.06831430061424604,0.0388353955745697,0.99375,1205.0,0.03731690730899572,0.04636437475681305,0.0388353955745697,0.995,1205.0,0.0,-0.964423970595426,0.9996371393064596,0.9996428647858489,-0.9643982091893178,0.9996369283365155,0.9996426538106161,3.7950708545232192,2.396813133404243,3.945767782572479
scripts\BMA-Study\EG1_group\full_vs_Grim_EG1.db,EG1_group,full_vs_Grim_EG1.db,1_2_2_Chicken-1_1_1_Prisoners-1_2_2_Chicken,20260308-224809,d6554bb8,5,1.0,Full,Grim,0,1_2_2_Chicken,0,800,800,0.3849747744053782,0.32477562621235845,0.38655465194724015,0.0,,0.11777063698507845,0.05477664187550545,0.12593280136585236,0.33625,0.0,0.0,0.21718319955792426,-0.15316222950832925,-0.1531602036703209,-0.1429255777233172,0.15350345656349332,0.15350143347074366,2.431778438850306,2.063738735822195,3.791147193239519
scripts\BMA-Study\EG1_group\full_vs_Grim_EG1.db,EG1_group,full_vs_Grim_EG1.db,1_2_2_Chicken-1_1_1_Prisoners-1_2_2_Chicken,20260308-224809,d6554bb8,5,1.0,Full,Grim,1,1_1_1_Prisoners,800,1200,400,0.010128634807188064,0.009105216423049569,0.01650701642036438,0.995,801.0,0.010128634807188064,0.009105216423049569,0.01650701642036438,0.995,801.0,0.0,-0.9316218882946957,0.9811798537806662,0.9811536982762197,-0.9316218882946957,0.9811798537806662,0.9811536982762197,6.516435926072299,2.0698297014355505,3.7841219277673446
scripts\BMA-Study\EG1_group\full_vs_Grim_EG1.db,EG1_group,full_vs_Grim_EG1.db,1_2_2_Chicken-1_1_1_Prisoners-1_2_2_Chicken,20260308-224809,d6554bb8,5,1.0,Full,Grim,2,1_2_2_Chicken,1200,2000,800,0.04018240638102046,0.07028378129402026,0.04037095189094544,0.99375,1205.0,0.038761596903204916,0.04755082964897156,0.04037095189094544,0.995,1205.0,0.0,-0.9639235544894765,0.9994317693365309,0.9994876108377182,-0.9638985677101195,0.9994314411756643,0.9994872826642731,3.696878343479475,2.3996509410739413,3.947239795448952
scripts\BMA-Study\EG1_group\full_vs_Grim_EG1.db,EG1_group,full_vs_Grim_EG1.db,1_2_2_Chicken-1_1_1_Prisoners-1_2_2_Chicken,20260308-224809,d6554bb8,3,1.0,Full,Grim,0,1_2_2_Chicken,0,800,800,0.3751372502796218,0.27320593580603597,0.36173328749042094,0.035,,0.11801551813259721,0.06320670351386071,0.14898140847682953,0.4225,86.0,0.0,0.13425317119697722,-0.08231870568051568,-0.08231355438523277,-0.13171373315927645,0.14502948031824306,0.14502460975695342,2.439122005770914,2.046973010822374,3.784351163295244
scripts\BMA-Study\EG1_group\full_vs_Grim_EG1.db,EG1_group,full_vs_Grim_EG1.db,1_2_2_Chicken-1_1_1_Prisoners-1_2_2_Chicken,20260308-224809,d6554bb8,3,1.0,Full,Grim,1,1_1_1_Prisoners,800,1200,400,0.009753764323540963,0.006864037476480007,0.01632981676608324,0.9975,800.0,0.009753764323540963,0.006864037476480007,0.01632981676608324,0.9975,800.0,0.0,-0.9344320293621726,0.971201347258586,0.9711760782592891,-0.9344320293621726,0.971201347258586,0.9711760782592891,6.6484349744115026,2.0552009301504026,3.7775092706873483
scripts\BMA-Study\EG1_group\full_vs_Grim_EG1.db,EG1_group,full_vs_Grim_EG1.db,1_2_2_Chicken-1_1_1_Prisoners-1_2_2_Chicken,20260308-224809,d6554bb8,3,1.0,Full,Grim,2,1_2_2_Chicken,1200,2000,800,0.04036701981829851,0.0709705789259671,0.04052986979484558,0.99375,1205.0,0.03892946142703295,0.04796964466571808,0.04052986979484558,0.995,1205.0,0.0,-0.9609388636288717,0.9963963853029306,0.9964819143945872,-0.9609136191138421,0.9963960571440753,0.9964815862236212,3.7455136254231913,2.3981364450677964,3.946453454703233
scripts\BMA-Study\EG1_group\full_vs_Grim_EG1.db,EG1_group,full_vs_Grim_EG1.db,3_2_2_StagHunt-1_1_1_Prisoners-3_2_2_StagHunt,20260308-230125,d6554bb8,2,1.0,Full,Grim,0,3_2_2_StagHunt,0,800,800,0.0770626200735569,0.2459840929508209,0.07198270201683045,0.95125,36.0,0.06581266120076179,0.06598475098609924,0.07198270201683045,0.97375,36.0,0.0,-0.24775607440063974,0.9997959319568297,0.999797893757066,-0.3797425419553254,0.8678121488839625,0.8678107875624221,0.20821095087798314,0.4819329529948994,3.152469841945031
scripts\BMA-Study\EG1_group\full_vs_Grim_EG1.db,EG1_group,full_vs_Grim_EG1.db,3_2_2_StagHunt-1_1_1_Prisoners-3_2_2_StagHunt,20260308-230125,d6554bb8,2,1.0,Full,Grim,1,1_1_1_Prisoners,800,1200,400,0.17342845267808862,1.0119679928392347,0.05543967850506306,0.865,852.0,0.05239529566839338,0.08233615271747112,0.05543967850506306,0.98,806.0,0.13,-0.6826660791629946,0.5687143044644029,0.5687143044644029,-0.6203082519265745,0.7933463334145838,0.7933463334145838,16.807732779663056,0.45979665817500504,3.1450570504337048
scripts\BMA-Study\EG1_group\full_vs_Grim_EG1.db,EG1_group,full_vs_Grim_EG1.db,3_2_2_StagHunt-1_1_1_Prisoners-3_2_2_StagHunt,20260308-230125,d6554bb8,2,1.0,Full,Grim,2,3_2_2_StagHunt,1200,2000,800,0.28736641078174147,0.37127459276705355,0.2878211730718613,0.0,,0.17867068415507675,0.1785750398039818,0.21217882692813872,0.16,1428.0,0.0,0.2998696896382768,-0.3187230989448023,-0.3187203734067462,-0.42586632492988524,0.37219435897504943,0.37217267342187327,1.330338103864342,1.809459865394894,3.6656795688622945
scripts\BMA-Study\EG1_group\full_vs_Grim_EG1.db,EG1_group,full_vs_Grim_EG1.db,3_2_2_StagHunt-1_1_1_Prisoners-3_2_2_StagHunt,20260308-230125,d6554bb8,1,1.0,Full,Grim,0,3_2_2_StagHunt,0,800,800,0.07855485163629056,0.26412896156311033,0.07184406995773315,0.94625,40.0,0.06605489872395992,0.06412971496582032,0.07184406995773315,0.97125,40.0,0.0,-0.10173041184477444,0.9997384183662172,0.9997433567084548,-0.2480147091514646,0.8534575529713915,0.8534617858901167,0.22089395497110673,0.4860580530821645,3.1538967526232806
scripts\BMA-Study\EG1_group\full_vs_Grim_EG1.db,EG1_group,full_vs_Grim_EG1.db,3_2_2_StagHunt-1_1_1_Prisoners-3_2_2_StagHunt,20260308-230125,d6554bb8,1,1.0,Full,Grim,1,1_1_1_Prisoners,800,1200,400,0.17317689921161872,1.0126237345170965,0.05602006420493126,0.865,852.0,0.053177248742431404,0.09125581726431847,0.05602006420493126,0.965,812.0,0.13,-0.6902374088386845,0.6515801029184612,0.6515801029184612,-0.6396002774829979,0.8086920297326257,0.8086920297326257,16.608849833742717,0.46567735645974856,3.1470832819467405
scripts\BMA-Study\EG1_group\full_vs_Grim_EG1.db,EG1_group,full_vs_Grim_EG1.db,3_2_2_StagHunt-1_1_1_Prisoners-3_2_2_StagHunt,20260308-230125,d6554bb8,1,1.0,Full,Grim,2,3_2_2_StagHunt,1200,2000,800,0.29371570543337844,0.3553907866209808,0.3356358677148819,0.0,,0.1749875989370048,0.14866305649280548,0.1643641322851181,0.125,1372.0,0.0,0.12291246055729282,-0.13380509454989817,-0.1338127573507997,-0.37322946259661255,0.35003638570205625,0.3500652007042457,0.9560755817685276,1.8480761056372343,3.683030591943641
scripts\BMA-Study\EG1_group\full_vs_Grim_EG1.db,EG1_group,full_vs_Grim_EG1.db,3_2_2_StagHunt-1_1_1_Prisoners-3_2_2_StagHunt,20260308-230125,d6554bb8,3,1.0,Full,Grim,0,3_2_2_StagHunt,0,800,800,0.07913132250308991,0.27320517182350157,0.07193301796913147,0.94375,42.0,0.0660063710808754,0.06320594906806946,0.07193301796913147,0.97,42.0,0.0,-0.15044600443595732,0.9997985671911462,0.9997998080638394,-0.3038381964699855,0.8464020478094842,0.8464026190540012,0.22003974323277362,0.4871502148544705,3.1542882022915033
scripts\BMA-Study\EG1_group\full_vs_Grim_EG1.db,EG1_group,full_vs_Grim_EG1.db,3_2_2_StagHunt-1_1_1_Prisoners-3_2_2_StagHunt,20260308-230125,d6554bb8,3,1.0,Full,Grim,1,1_1_1_Prisoners,800,1200,400,0.1740292813981935,1.013563020248703,0.055708733275532725,0.865,852.0,0.05564458204433322,0.10502649247646331,0.055708733275532725,0.9425,821.0,0.13,-0.6628860180376126,0.7214460090375564,0.7214460090375564,-0.6191866199163744,0.7760064125400783,0.7760064125400783,16.831683093253524,0.4795052278140689,3.1516777504219364
scripts\BMA-Study\EG1_group\full_vs_Grim_EG1.db,EG1_group,full_vs_Grim_EG1.db,3_2_2_StagHunt-1_1_1_Prisoners-3_2_2_StagHunt,20260308-230125,d6554bb8,3,1.0,Full,Grim,2,3_2_2_StagHunt,1200,2000,800,0.2908734440759916,0.3974280642830435,0.31795631170272826,0.0,,0.18184542018920183,0.16767809808254241,0.18204368829727172,0.13375,1400.0,0.0,0.15448178811403285,-0.16809910413432688,-0.1681014257853929,-0.34363899688574107,0.2914685691747759,0.2914606852712291,1.4285671050660311,1.8325195609913454,3.676489611325448
scripts\BMA-Study\EG1_group\full_vs_Grim_EG1.db,EG1_group,full_vs_Grim_EG1.db,3_2_2_StagHunt-1_1_1_Prisoners-3_2_2_StagHunt,20260308-230125,d6554bb8,4,1.0,Full,Grim,0,3_2_2_StagHunt,0,800,800,0.07906584903597831,0.27320355296134946,0.07206014037132263,0.94375,42.0,0.0659408988058567,0.06320434927940369,0.07206014037132263,0.97,42.0,0.0,-0.17821497026945118,0.9998252376458612,0.9998241937114203,-0.3316081661482578,0.8464305461591847,0.8464340294067213,0.2185779173846822,0.48683135045775705,3.154180767427896
scripts\BMA-Study\EG1_group\full_vs_Grim_EG1.db,EG1_group,full_vs_Grim_EG1.db,3_2_2_StagHunt-1_1_1_Prisoners-3_2_2_StagHunt,20260308-230125,d6554bb8,4,1.0,Full,Grim,1,1_1_1_Prisoners,800,1200,400,0.17376411246028617,1.0121403205455948,0.05777596488595009,0.865,852.0,0.05303002728149295,0.08490447588264942,0.05777596488595009,0.975,808.0,0.13,-0.7508790054937843,0.6451045319033243,0.6451045319033243,-0.6873791086194287,0.8570629816436351,0.8570629816436351,16.811869639966172,0.4606452066399658,3.145371647252432
scripts\BMA-Study\EG1_group\full_vs_Grim_EG1.db,EG1_group,full_vs_Grim_EG1.db,3_2_2_StagHunt-1_1_1_Prisoners-3_2_2_StagHunt,20260308-230125,d6554bb8,4,1.0,Full,Grim,2,3_2_2_StagHunt,1200,2000,800,0.31337138996806063,0.4074827246846532,0.35000537931919096,0.0,,0.1598960036225617,0.09874221682548523,0.14999462068080902,0.18625,1351.0,0.0,0.24066332527799383,-0.26266742790861963,-0.2627022118906777,-0.4571138899104802,0.4427212006365542,0.442764823172527,1.1149231075868011,1.828134303412704,3.6741480822996424
scripts\BMA-Study\EG1_group\full_vs_Grim_EG1.db,EG1_group,full_vs_Grim_EG1.db,3_2_2_StagHunt-1_1_1_Prisoners-3_2_2_StagHunt,20260308-230125,d6554bb8,5,1.0,Full,Grim,0,3_2_2_StagHunt,0,800,800,0.08271534368395805,0.3247749900817871,0.07193073153495788,0.92875,54.0,0.06584040686488152,0.0547760009765625,0.07193073153495788,0.9625,0.0,0.0,-0.05867353598782042,0.9997970461386229,0.999793587055118,-0.25437729071179715,0.8040806495930559,0.8040839982832212,0.23367147814831696,0.4944870657564648,3.1568954836645355
scripts\BMA-Study\EG1_group\full_vs_Grim_EG1.db,EG1_group,full_vs_Grim_EG1.db,3_2_2_StagHunt-1_1_1_Prisoners-3_2_2_StagHunt,20260308-230125,d6554bb8,5,1.0,Full,Grim,1,1_1_1_Prisoners,800,1200,400,0.1750961640391065,1.0137357156015507,0.05954028092324734,0.865,852.0,0.05692254954017699,0.10698050208389759,0.05954028092324734,0.9375,823.0,0.13,-0.8003770648566553,0.7847415296345601,0.7847415296345601,-0.7491035568972306,0.9240849005306283,0.9240849005306283,16.772207805267534,0.49087113947521593,3.1555430652948657
scripts\BMA-Study\EG1_group\full_vs_Grim_EG1.db,EG1_group,full_vs_Grim_EG1.db,3_2_2_StagHunt-1_1_1_Prisoners-3_2_2_StagHunt,20260308-230125,d6554bb8,5,1.0,Full,Grim,2,3_2_2_StagHunt,1200,2000,800,0.30149574857051953,0.37950446665900417,0.3303609526157379,0.0,,0.17196575805544853,0.13575084030628204,0.16963904738426208,0.15625,1378.0,0.0,0.2208818540649077,-0.23855401100657006,-0.2385572244758034,-0.4458705741926459,0.4191011560646638,0.4190972127555381,1.091633478133008,1.8363693345608962,3.677761155275566
scripts\BMA-Study\EG1_group\full_vs_Grim_EG1.db,EG1_group,full_vs_Grim_EG1.db,3_2_2_StagHunt-1_1_1_Prisoners-3_2_2_StagHunt,20260308-230125,d6554bb8,6,1.0,Full,Grim,0,3_2_2_StagHunt,0,800,800,0.08455828078091145,0.34759456157684326,0.07183184504508972,0.92125,60.0,0.06580835171043872,0.04759569644927979,0.07183184504508972,0.95875,0.0,0.0,-0.04376994169259941,0.9997304875616306,0.9997334615455636,-0.2603962094370158,0.7831186376837329,0.7831200098262505,0.24124020965653473,0.4983905264476357,3.1582786896382458
scripts\BMA-Study\EG1_group\full_vs_Grim_EG1.db,EG1_group,full_vs_Grim_EG1.db,3_2_2_StagHunt-1_1_1_Prisoners-3_2_2_StagHunt,20260308-230125,d6554bb8,6,1.0,Full,Grim,1,1_1_1_Prisoners,800,1200,400,0.17541695759039397,1.0140072168928103,0.058698274046182636,0.865,852.0,0.057706073252484204,0.1107391195744276,0.058698274046182636,0.9325,825.0,0.13,-0.7948733237276508,0.841761746176081,0.841761746176081,-0.7411469204007796,0.8957791513489952,0.8957791513489952,16.863138249258046,0.4941632100493163,3.156599061615691
scripts\BMA-Study\EG1_group\full_vs_Grim_EG1.db,EG1_group,full_vs_Grim_EG1.db,3_2_2_StagHunt-1_1_1_Prisoners-3_2_2_StagHunt,20260308-230125,d6554bb8,6,1.0,Full,Grim,2,3_2_2_StagHunt,1200,2000,800,0.3065314906801277,0.3994345486289878,0.3417619276046753,0.0,,0.16858986556529998,0.12436946421861649,0.1582380723953247,0.14,1386.0,0.0,0.21586305904652037,-0.22910029240750932,-0.22912226895667157,-0.4056071462545266,0.3872281539147547,0.3872490305644397,1.0990122334379704,1.8300331300254609,3.675109093956447
scripts\BMA-Study\EG1_group\full_vs_Grim_EG1.db,EG1_group,full_vs_Grim_EG1.db,3_2_2_StagHunt-1_1_1_Prisoners-3_2_2_StagHunt,20260308-230125,d6554bb8,7,1.0,Full,Grim,0,3_2_2_StagHunt,0,800,800,0.08032859370112419,0.29135496377944947,0.0721435272693634,0.93875,46.0,0.06595364794135093,0.061355831623077395,0.0721435272693634,0.9675,46.0,0.0,-0.17085765387093974,0.9998254775115446,0.9998298127726674,-0.33843027378375357,0.8322585135600983,0.8322620927828371,0.21811202632379717,0.48969075323735717,3.155186362054759
scripts\BMA-Study\EG1_group\full_vs_Grim_EG1.db,EG1_group,full_vs_Grim_EG1.db,3_2_2_StagHunt-1_1_1_Prisoners-3_2_2_StagHunt,20260308-230125,d6554bb8,7,1.0,Full,Grim,1,1_1_1_Prisoners,800,1200,400,0.1731076997918763,1.0125125504202126,0.055016210749745366,0.865,852.0,0.05298684331588447,0.09018618114292622,0.055016210749745366,0.965,812.0,0.13,-0.6846661246007308,0.6107573744920971,0.6107573744920971,-0.610589842179314,0.8094602600135281,0.8094602600135281,16.859674475509674,0.4583634759533919,3.144611458603982
scripts\BMA-Study\EG1_group\full_vs_Grim_EG1.db,EG1_group,full_vs_Grim_EG1.db,3_2_2_StagHunt-1_1_1_Prisoners-3_2_2_StagHunt,20260308-230125,d6554bb8,7,1.0,Full,Grim,2,3_2_2_StagHunt,1200,2000,800,0.30089053829870865,0.40636094409982193,0.3419127005338669,0.0,,0.1673929491825402,0.11659732282161712,0.15808729946613312,0.135,1375.0,0.0,0.19882470299505006,-0.21762368465873083,-0.2176440640535845,-0.46641093813359136,0.4409435986630661,0.44093434697433936,1.2422956650331616,1.8201178503407465,3.6706440784115237
scripts\BMA-Study\EG1_group\full_vs_Grim_EG1.db,EG1_group,full_vs_Grim_EG1.db,3_2_2_StagHunt-1_1_1_Prisoners-3_2_2_StagHunt,20260308-230125,d6554bb8,8,1.0,Full,Grim,0,3_2_2_StagHunt,0,800,800,0.07908387295901775,0.2732102334499359,0.07204298019409179,0.94375,42.0,0.0659589209407568,0.06321100115776063,0.07204298019409179,0.97,42.0,0.0,-0.19608579124495157,0.9997937975283269,0.9998036935434272,-0.34948083193603313,0.8464049573348854,0.846406410117375,0.2159359543467872,0.48691674771109544,3.1542096068299266
scripts\BMA-Study\EG1_group\full_vs_Grim_EG1.db,EG1_group,full_vs_Grim_EG1.db,3_2_2_StagHunt-1_1_1_Prisoners-3_2_2_StagHunt,20260308-230125,d6554bb8,8,1.0,Full,Grim,1,1_1_1_Prisoners,800,1200,400,0.1743943776546521,1.01329778804467,0.057879643067717555,0.865,852.0,0.05556673883460462,0.1013133728504181,0.057879643067717555,0.9475,819.0,0.13,-0.7223900774379839,0.6994761217257608,0.6994761217257608,-0.6692912455702847,0.8520990756192225,0.8520990756192225,16.714435226989444,0.4820323667435514,3.1525540525697977
scripts\BMA-Study\EG1_group\full_vs_Grim_EG1.db,EG1_group,full_vs_Grim_EG1.db,3_2_2_StagHunt-1_1_1_Prisoners-3_2_2_StagHunt,20260308-230125,d6554bb8,8,1.0,Full,Grim,2,3_2_2_StagHunt,1200,2000,800,0.29465001187808,0.37253857640651233,0.31954875588417053,0.0,,0.17543184077367185,0.15075285732746124,0.18045124411582947,0.14875,1388.0,0.0,0.20976132795117425,-0.2284061186676554,-0.22839863594704343,-0.43214920260430606,0.39311066493732205,0.3931406223967525,1.1984793503955007,1.8301991926976444,3.675000142720359
scripts\BMA-Study\EG1_group\full_vs_TFT_EG1.db,EG1_group,full_vs_TFT_EG1.db,1_2_2_Chicken-1_1_1_Prisoners-1_2_2_Chicken,20260308-154447,cadb35fb,2,1.0,Full,TFT,0,1_2_2_Chicken,0,800,800,0.5062360205343355,0.5334125116130017,0.499539640568665,0.00125,,0.028781861951574682,0.07867835879325867,0.009083067178726196,0.8975,0.0,0.0,-0.19658647996599832,0.16009094306495888,0.16007275717236294,-0.14986570616558995,0.08510570752334483,0.0851068286705719,12.668316074917094,1.1485300004336136,3.3895531079687737
scripts\BMA-Study\EG1_group\full_vs_TFT_EG1.db,EG1_group,full_vs_TFT_EG1.db,1_2_2_Chicken-1_1_1_Prisoners-1_2_2_Chicken,20260308-154447,cadb35fb,2,1.0,Full,TFT,1,1_1_1_Prisoners,800,1200,400,0.16406132158714115,0.0691741382330656,0.3174093889357708,0.3525,805.0,0.16268774716183543,0.0691741382330656,0.3064207935333252,0.3525,805.0,0.0025,-0.9357295827159776,0.9806990084615597,0.980697701347052,-0.9357295827159776,0.9806990084615597,0.980697701347052,2.08509348385036,1.213225037909654,3.4169384115496633
scripts\BMA-Study\EG1_group\full_vs_TFT_EG1.db,EG1_group,full_vs_TFT_EG1.db,1_2_2_Chicken-1_1_1_Prisoners-1_2_2_Chicken,20260308-154447,cadb35fb,2,1.0,Full,TFT,2,1_2_2_Chicken,1200,2000,800,0.5306001832583123,0.6699854748499335,0.49954880631071163,0.0,,0.0434349950030446,0.054433414936065676,0.0026067769527435302,0.815,1203.0,0.0,0.22578701830301195,0.6037074563355896,0.603714387533672,0.060616499544600674,0.5486694388081959,0.5486703769316245,17.317872910350562,1.1727050230316012,3.39871530856563
scripts\BMA-Study\EG1_group\full_vs_TFT_EG1.db,EG1_group,full_vs_TFT_EG1.db,1_2_2_Chicken-1_1_1_Prisoners-1_2_2_Chicken,20260308-154447,cadb35fb,4,1.0,Full,TFT,0,1_2_2_Chicken,0,800,800,0.5058408533484338,0.5360690175960117,0.4995441177437484,0.00125,,0.028500462360680105,0.07777564644813538,0.00934804379940033,0.92125,0.0,0.0,-0.1707532865780847,0.148916725647532,0.1489168409120591,-0.11865189420216884,0.031202110058308353,0.031201783255483253,13.126116975201294,1.1467489811702967,3.388875886735482
scripts\BMA-Study\EG1_group\full_vs_TFT_EG1.db,EG1_group,full_vs_TFT_EG1.db,1_2_2_Chicken-1_1_1_Prisoners-1_2_2_Chicken,20260308-154447,cadb35fb,4,1.0,Full,TFT,1,1_1_1_Prisoners,800,1200,400,0.14447957874275744,0.0654558351635933,0.2721063059568405,0.3675,804.0,0.14447957874275744,0.0654558351635933,0.2721063059568405,0.3675,804.0,0.0,-0.9498822096386703,0.9819793497298637,0.9819778074138207,-0.9498822096386703,0.9819793497298637,0.9819778074138207,1.7339942701160909,1.1939112162023895,3.4089534865444215
scripts\BMA-Study\EG1_group\full_vs_TFT_EG1.db,EG1_group,full_vs_TFT_EG1.db,1_2_2_Chicken-1_1_1_Prisoners-1_2_2_Chicken,20260308-154447,cadb35fb,4,1.0,Full,TFT,2,1_2_2_Chicken,1200,2000,800,0.5279742763493456,0.6643812842354597,0.4995001602197186,0.0,,0.043130700588226316,0.06194569945335388,0.002271289825439453,0.81125,1204.0,0.0,0.26760495881822455,0.5765966675089931,0.5766052005199873,0.13162241398310073,0.5077488054163929,0.5077490294351599,17.346748670339583,1.1801898853303618,3.401625745561986
scripts\BMA-Study\EG1_group\full_vs_TFT_EG1.db,EG1_group,full_vs_TFT_EG1.db,1_2_2_Chicken-1_1_1_Prisoners-1_2_2_Chicken,20260308-154447,cadb35fb,6,1.0,Full,TFT,0,1_2_2_Chicken,0,800,800,0.5059535735135517,0.5380328984299512,0.5010600141327244,0.00125,,0.026345243798568844,0.05036199450492859,0.009409910440444947,0.89,0.0,0.0,-0.08258628952854737,0.09747889453432634,0.09746598476519674,-0.018876637918060355,-0.07560945278536803,-0.07562077922402692,13.273702847426756,1.1485559927550861,3.389576154965458
scripts\BMA-Study\EG1_group\full_vs_TFT_EG1.db,EG1_group,full_vs_TFT_EG1.db,1_2_2_Chicken-1_1_1_Prisoners-1_2_2_Chicken,20260308-154447,cadb35fb,6,1.0,Full,TFT,1,1_1_1_Prisoners,800,1200,400,0.1489431887958199,0.0657394903898239,0.28149910241365433,0.325,804.0,0.1489431887958199,0.0657394903898239,0.28149910241365433,0.325,804.0,0.0,-0.9501813722214297,0.9822042909050656,0.9821964760066152,-0.9501813722214297,0.9822042909050656,0.9821964760066152,1.722060179784894,1.1944114409846003,3.4092240199523722
scripts\BMA-Study\EG1_group\full_vs_TFT_EG1.db,EG1_group,full_vs_TFT_EG1.db,1_2_2_Chicken-1_1_1_Prisoners-1_2_2_Chicken,20260308-154447,cadb35fb,6,1.0,Full,TFT,2,1_2_2_Chicken,1200,2000,800,0.5271130832068822,0.663957107477383,0.4994893382266823,0.0,,0.041780559308826924,0.06267912149429321,0.00242628276348114,0.81875,1204.0,0.0,0.24378276523904696,0.5717903432267549,0.5717939903329539,0.09747120840328234,0.520955750534017,0.5209569638124738,17.33289712160826,1.1774874344351935,3.4005716364416867
scripts\BMA-Study\EG1_group\full_vs_TFT_EG1.db,EG1_group,full_vs_TFT_EG1.db,1_2_2_Chicken-1_1_1_Prisoners-1_2_2_Chicken,20260308-154447,cadb35fb,8,1.0,Full,TFT,0,1_2_2_Chicken,0,800,800,0.505589718841199,0.535644948674051,0.5010346204300614,0.00125,,0.027601816058158875,0.07732224583625794,0.009354708194732666,0.9225,0.0,0.0,-0.16824067069129978,0.1490707872909445,0.14906120319535315,-0.13057314642894266,0.03388483832203662,0.03387991045724839,13.18417150282301,1.1459388607619898,3.388555971954539
scripts\BMA-Study\EG1_group\full_vs_TFT_EG1.db,EG1_group,full_vs_TFT_EG1.db,1_2_2_Chicken-1_1_1_Prisoners-1_2_2_Chicken,20260308-154447,cadb35fb,8,1.0,Full,TFT,1,1_1_1_Prisoners,800,1200,400,0.15073745627887547,0.06538533791899681,0.28371827960014345,0.3425,804.0,0.15073745627887547,0.06538533791899681,0.28371827960014345,0.3425,804.0,0.0,-0.9486320409182945,0.9807531018929182,0.980749681277475,-0.9486320409182945,0.9807531018929182,0.980749681277475,1.7473946832865477,1.2109964880502941,3.415770830935979
scripts\BMA-Study\EG1_group\full_vs_TFT_EG1.db,EG1_group,full_vs_TFT_EG1.db,1_2_2_Chicken-1_1_1_Prisoners-1_2_2_Chicken,20260308-154447,cadb35fb,8,1.0,Full,TFT,2,1_2_2_Chicken,1200,2000,800,0.5277956319221095,0.6667507740806244,0.49946936653729873,0.0,,0.04103449523448944,0.05877346158027649,0.0026644927263259886,0.8225,1204.0,0.0,0.22466804257904563,0.5905321604329951,0.5905410397048113,0.06744593750684862,0.5374888395563872,0.5374889984161897,17.31978121608496,1.1762137412402567,3.40007714623529
scripts\BMA-Study\EG1_group\full_vs_TFT_EG1.db,EG1_group,full_vs_TFT_EG1.db,1_2_2_Chicken-1_1_1_Prisoners-1_2_2_Chicken,20260308-154447,cadb35fb,7,1.0,Full,TFT,0,1_2_2_Chicken,0,800,800,0.50547140775502,0.5369732785064639,0.5010996108461624,0.00125,,0.026833125241100788,0.0743191134929657,0.009118398427963257,0.92375,0.0,0.0,-0.16881063320721798,0.13541469580746665,0.135441673453206,-0.0916885758146096,0.029051426530054332,0.029053936349585092,13.127275793394073,1.1497995499438836,3.3900113113045682
scripts\BMA-Study\EG1_group\full_vs_TFT_EG1.db,EG1_group,full_vs_TFT_EG1.db,1_2_2_Chicken-1_1_1_Prisoners-1_2_2_Chicken,20260308-154447,cadb35fb,7,1.0,Full,TFT,1,1_1_1_Prisoners,800,1200,400,0.14621368085965514,0.06540809005498886,0.26839267283678053,0.345,804.0,0.14621368085965514,0.06540809005498886,0.26839267283678053,0.345,804.0,0.0,-0.9487709631369556,0.9816104346963664,0.9816096223301363,-0.9487709631369556,0.9816104346963664,0.9816096223301363,1.679589291960001,1.194709193696648,3.409250554739708
scripts\BMA-Study\EG1_group\full_vs_TFT_EG1.db,EG1_group,full_vs_TFT_EG1.db,1_2_2_Chicken-1_1_1_Prisoners-1_2_2_Chicken,20260308-154447,cadb35fb,7,1.0,Full,TFT,2,1_2_2_Chicken,1200,2000,800,0.5275649543768989,0.6620904915024528,0.499456856534359,0.0,,0.04395052459090948,0.06509219288825989,0.002435746788978577,0.8075,1204.0,0.0,0.1902583748329127,0.5963594307743838,0.5963431667380742,0.019559681750083175,0.5587845558844579,0.558791762921735,17.328563264906407,1.17902849262557,3.401169955247559
scripts\BMA-Study\EG1_group\full_vs_TFT_EG1.db,EG1_group,full_vs_TFT_EG1.db,1_2_2_Chicken-1_1_1_Prisoners-1_2_2_Chicken,20260308-154447,cadb35fb,1,1.0,Full,TFT,0,1_2_2_Chicken,0,800,800,0.5069127680848439,0.5364589399904254,0.5010165897299924,0.00125,,0.03188519706018269,0.07923882126808167,0.009194808006286621,0.87375,0.0,0.0,-0.1297069543513532,0.1197059575381891,0.11969693976085638,-0.07746330989167088,0.019599844195101888,0.019596087342838204,12.419016057513653,1.1468224240751559,3.3889579874170352
scripts\BMA-Study\EG1_group\full_vs_TFT_EG1.db,EG1_group,full_vs_TFT_EG1.db,1_2_2_Chicken-1_1_1_Prisoners-1_2_2_Chicken,20260308-154447,cadb35fb,1,1.0,Full,TFT,1,1_1_1_Prisoners,800,1200,400,0.16593484406578082,0.06950841628015042,0.31674041272958425,0.28,805.0,0.1645527140516788,0.06950841628015042,0.30568337261676787,0.28,805.0,0.0025,-0.939471011644391,0.9828547551184673,0.9828520369446249,-0.939471011644391,0.9828547551184673,0.9828520369446249,2.077939035594463,1.2318762744315557,3.424051109976316
scripts\BMA-Study\EG1_group\full_vs_TFT_EG1.db,EG1_group,full_vs_TFT_EG1.db,1_2_2_Chicken-1_1_1_Prisoners-1_2_2_Chicken,20260308-154447,cadb35fb,1,1.0,Full,TFT,2,1_2_2_Chicken,1200,2000,800,0.5306945861350403,0.6690113563344281,0.4994875591231228,0.0,,0.04417664166539907,0.055730552673339845,0.0025513195991516114,0.81,1203.0,0.0,0.2413364196508007,0.6127654506973202,0.6127792727643163,0.07810084074964,0.5588426313507976,0.5588432207410536,17.352707757204772,1.176978818846851,3.4003901050203456
scripts\BMA-Study\EG1_group\full_vs_TFT_EG1.db,EG1_group,full_vs_TFT_EG1.db,1_2_2_Chicken-1_1_1_Prisoners-1_2_2_Chicken,20260308-154447,cadb35fb,5,1.0,Full,TFT,0,1_2_2_Chicken,0,800,800,0.5057771897548746,0.5376186278217144,0.5011012282027293,0.00125,,0.02731538113206625,0.0634730839729309,0.009085975885391236,0.895,0.0,0.0,-0.1587451148596638,0.12987663287651072,0.12986729673296823,-0.10290676579097136,0.030924370984802003,0.030916436972849674,12.888466409565881,1.1527726758338364,3.3911792340060676
scripts\BMA-Study\EG1_group\full_vs_TFT_EG1.db,EG1_group,full_vs_TFT_EG1.db,1_2_2_Chicken-1_1_1_Prisoners-1_2_2_Chicken,20260308-154447,cadb35fb,5,1.0,Full,TFT,1,1_1_1_Prisoners,800,1200,400,0.15033724026302583,0.06602659791707993,0.2967675950016648,0.345,804.0,0.14893602049909532,0.06602659791707993,0.28555783689022063,0.345,804.0,0.0025,-0.9325163992259827,0.9803119973285466,0.9802936206361441,-0.9325163992259827,0.9803119973285466,0.9802936206361441,1.8842659248411655,1.194852999155398,3.409498166966533
scripts\BMA-Study\EG1_group\full_vs_TFT_EG1.db,EG1_group,full_vs_TFT_EG1.db,1_2_2_Chicken-1_1_1_Prisoners-1_2_2_Chicken,20260308-154447,cadb35fb,5,1.0,Full,TFT,2,1_2_2_Chicken,1200,2000,800,0.5290765829462738,0.6662695189735195,0.49955223396806353,0.0,,0.04386746671050787,0.05945684313774109,0.0023247063159942626,0.80875,1204.0,0.0,0.21788317089195622,0.597125806618266,0.5971186937881742,0.04173559012308833,0.5518571742567537,0.55185621436036,17.345290632545947,1.180539729349123,3.4017598267916025
scripts\BMA-Study\EG1_group\full_vs_TFT_EG1.db,EG1_group,full_vs_TFT_EG1.db,1_2_2_Chicken-1_1_1_Prisoners-1_2_2_Chicken,20260308-154447,cadb35fb,3,1.0,Full,TFT,0,1_2_2_Chicken,0,800,800,0.5071511996629524,0.5367546500921112,0.4995663006105518,0.00125,,0.030764677021652462,0.07845522999763489,0.00908830165863037,0.91375,0.0,0.0,-0.10131640391151374,0.09230742692006486,0.0923041114477297,-0.03871875051466899,-0.026709049185068397,-0.026714484068094506,12.448924883157014,1.1487501193060823,3.389680008883741
scripts\BMA-Study\EG1_group\full_vs_TFT_EG1.db,EG1_group,full_vs_TFT_EG1.db,1_2_2_Chicken-1_1_1_Prisoners-1_2_2_Chicken,20260308-154447,cadb35fb,3,1.0,Full,TFT,1,1_1_1_Prisoners,800,1200,400,0.15115912615321578,0.06691421121358872,0.28060230195522307,0.3575,804.0,0.15115912615321578,0.06691421121358872,0.28060230195522307,0.3575,804.0,0.0,-0.9463226953830737,0.9771269962609008,0.9771508867934716,-0.9463226953830737,0.9771269962609008,0.9771508867934716,1.8907556218653918,1.2134662115079964,3.416843907393436
scripts\BMA-Study\EG1_group\full_vs_TFT_EG1.db,EG1_group,full_vs_TFT_EG1.db,1_2_2_Chicken-1_1_1_Prisoners-1_2_2_Chicken,20260308-154447,cadb35fb,3,1.0,Full,TFT,2,1_2_2_Chicken,1200,2000,800,0.5305220355305792,0.6681159957330282,0.49955400233193387,0.0,,0.044147982224822045,0.056676862239837644,0.0023105162382125854,0.8075,1204.0,0.0,0.2412599575112597,0.6134475921123086,0.61344944284157,0.06441653271672995,0.567461769401997,0.5674621344048405,17.420105716586114,1.1752701953136326,3.39971709624205
scripts\BMA-Study\EG1_group\full_vs_TFT_EG1.db,EG1_group,full_vs_TFT_EG1.db,3_2_2_StagHunt-1_1_1_Prisoners-3_2_2_StagHunt,20260308-155713,cadb35fb,5,1.0,Full,TFT,0,3_2_2_StagHunt,0,800,800,0.08271534368395805,0.3247749900817871,0.07193073153495788,0.92875,54.0,0.06584040686488152,0.0547760009765625,0.07193073153495788,0.9625,0.0,0.0,-0.05867353598782042,0.9997970461386229,0.999793587055118,-0.25437729071179715,0.8040806495930559,0.8040839982832212,0.23367147814831696,0.4944870657564648,3.1568954836645355
scripts\BMA-Study\EG1_group\full_vs_TFT_EG1.db,EG1_group,full_vs_TFT_EG1.db,3_2_2_StagHunt-1_1_1_Prisoners-3_2_2_StagHunt,20260308-155713,cadb35fb,5,1.0,Full,TFT,1,1_1_1_Prisoners,800,1200,400,0.07467930395812028,0.15138892663301895,0.09248830154538154,0.915,823.0,0.07031763594597579,0.11649558253586292,0.09248830154538154,0.915,823.0,0.0075,-0.6963697898111862,0.9562829767686047,0.9562829767686047,-0.6963697898111862,0.9562829767686047,0.9562829767686047,16.666641814648173,0.6161707461278939,3.198362859207788
scripts\BMA-Study\EG1_group\full_vs_TFT_EG1.db,EG1_group,full_vs_TFT_EG1.db,3_2_2_StagHunt-1_1_1_Prisoners-3_2_2_StagHunt,20260308-155713,cadb35fb,5,1.0,Full,TFT,2,3_2_2_StagHunt,1200,2000,800,0.31858650732458127,0.202144627409557,0.28394943952560425,0.0,,0.1622460650652647,0.154363429248333,0.21605056047439575,0.25875,1535.0,0.0,-0.14480980025909412,0.19161638945890538,0.19162386027028303,-0.20957780990058184,0.22660348061339672,0.2266219397913143,1.640431204782799,1.9185033912103782,3.7139254217373288
scripts\BMA-Study\EG1_group\full_vs_TFT_EG1.db,EG1_group,full_vs_TFT_EG1.db,3_2_2_StagHunt-1_1_1_Prisoners-3_2_2_StagHunt,20260308-155713,cadb35fb,6,1.0,Full,TFT,0,3_2_2_StagHunt,0,800,800,0.08455828078091145,0.34759456157684326,0.07183184504508972,0.92125,60.0,0.06580835171043872,0.04759569644927979,0.07183184504508972,0.95875,0.0,0.0,-0.04376994169259941,0.9997304875616306,0.9997334615455636,-0.2603962094370158,0.7831186376837329,0.7831200098262505,0.24124020965653473,0.4983905264476357,3.1582786896382458
scripts\BMA-Study\EG1_group\full_vs_TFT_EG1.db,EG1_group,full_vs_TFT_EG1.db,3_2_2_StagHunt-1_1_1_Prisoners-3_2_2_StagHunt,20260308-155713,cadb35fb,6,1.0,Full,TFT,1,1_1_1_Prisoners,800,1200,400,0.07574782269650777,0.15572153639925165,0.08969005584716797,0.93,825.0,0.07138835323043168,0.12084578067064285,0.08969005584716797,0.93,825.0,0.0075,-0.6576997356233476,0.9475448596553727,0.9475448596553727,-0.6576997356233476,0.9475448596553727,0.9475448596553727,16.72718936164165,0.6207110197770711,3.1997685502183266
scripts\BMA-Study\EG1_group\full_vs_TFT_EG1.db,EG1_group,full_vs_TFT_EG1.db,3_2_2_StagHunt-1_1_1_Prisoners-3_2_2_StagHunt,20260308-155713,cadb35fb,6,1.0,Full,TFT,2,3_2_2_StagHunt,1200,2000,800,0.3169078384658564,0.21816648136537517,0.3057937216758728,0.0,,0.1677401766180992,0.168513240814209,0.1942062783241272,0.23875,1485.0,0.0,-0.09322887234921984,0.11637144329603272,0.1163697935221722,-0.22522582371719826,0.24844211508946829,0.24846678435994887,1.6890613154880703,1.9099120842398276,3.710206249343533
scripts\BMA-Study\EG1_group\full_vs_TFT_EG1.db,EG1_group,full_vs_TFT_EG1.db,3_2_2_StagHunt-1_1_1_Prisoners-3_2_2_StagHunt,20260308-155713,cadb35fb,4,1.0,Full,TFT,0,3_2_2_StagHunt,0,800,800,0.07906584903597831,0.27320355296134946,0.07206014037132263,0.94375,42.0,0.0659408988058567,0.06320434927940369,0.07206014037132263,0.97,42.0,0.0,-0.17821497026945118,0.9998252376458612,0.9998241937114203,-0.3316081661482578,0.8464305461591847,0.8464340294067213,0.2185779173846822,0.48683135045775705,3.154180767427896
scripts\BMA-Study\EG1_group\full_vs_TFT_EG1.db,EG1_group,full_vs_TFT_EG1.db,3_2_2_StagHunt-1_1_1_Prisoners-3_2_2_StagHunt,20260308-155713,cadb35fb,4,1.0,Full,TFT,1,1_1_1_Prisoners,800,1200,400,0.06686883426128314,0.12658919832455992,0.08113562509417534,0.9725,808.0,0.06250508612953126,0.09167921327054501,0.08113562509417534,0.9725,808.0,0.0075,-0.8723330770817316,0.9215080719254495,0.9215080719254495,-0.8723330770817316,0.9215080719254495,0.9215080719254495,16.710134107756893,0.5710891033576142,3.182977439430411
scripts\BMA-Study\EG1_group\full_vs_TFT_EG1.db,EG1_group,full_vs_TFT_EG1.db,3_2_2_StagHunt-1_1_1_Prisoners-3_2_2_StagHunt,20260308-155713,cadb35fb,4,1.0,Full,TFT,2,3_2_2_StagHunt,1200,2000,800,0.30704035435096516,0.18616301444842553,0.2500904580950737,0.0,,0.16081979688256978,0.14379801839590073,0.24736269444227219,0.24625,1571.0,0.0,-0.14336896490923193,0.17352703154416108,0.1735141314411513,-0.2508515797999213,0.24348206929881142,0.24346798201959427,1.2012086030561477,1.9176477851635076,3.7135607185135315
scripts\BMA-Study\EG1_group\full_vs_TFT_EG1.db,EG1_group,full_vs_TFT_EG1.db,3_2_2_StagHunt-1_1_1_Prisoners-3_2_2_StagHunt,20260308-155713,cadb35fb,7,1.0,Full,TFT,0,3_2_2_StagHunt,0,800,800,0.08032859370112419,0.29135496377944947,0.0721435272693634,0.93875,46.0,0.06595364794135093,0.061355831623077395,0.0721435272693634,0.9675,46.0,0.0,-0.17085765387093974,0.9998254775115446,0.9998298127726674,-0.33843027378375357,0.8322585135600983,0.8322620927828371,0.21811202632379717,0.48969075323735717,3.155186362054759
scripts\BMA-Study\EG1_group\full_vs_TFT_EG1.db,EG1_group,full_vs_TFT_EG1.db,3_2_2_StagHunt-1_1_1_Prisoners-3_2_2_StagHunt,20260308-155713,cadb35fb,7,1.0,Full,TFT,1,1_1_1_Prisoners,800,1200,400,0.06652477782198983,0.1323463639600434,0.07557885318994523,0.9625,812.0,0.06215899054892361,0.09742006577551365,0.07557885318994523,0.9625,812.0,0.0075,-0.8091946824667654,0.9130425815161344,0.9130425815161344,-0.8091946824667654,0.9130425815161344,0.9130425815161344,16.800617672074587,0.565869698697595,3.181058946055554
scripts\BMA-Study\EG1_group\full_vs_TFT_EG1.db,EG1_group,full_vs_TFT_EG1.db,3_2_2_StagHunt-1_1_1_Prisoners-3_2_2_StagHunt,20260308-155713,cadb35fb,7,1.0,Full,TFT,2,3_2_2_StagHunt,1200,2000,800,0.31067779416499003,0.21298448704115344,0.27350259602069854,0.0,,0.16471979791298508,0.15957422345876693,0.22649740397930146,0.2525,1520.0,0.0,-0.0883584729220264,0.11164308726772088,0.11166279318670577,-0.3407412717859008,0.3545077867742851,0.354531538000245,1.5436226289439947,1.8928467087567362,3.702394818105665
scripts\BMA-Study\EG1_group\full_vs_TFT_EG1.db,EG1_group,full_vs_TFT_EG1.db,3_2_2_StagHunt-1_1_1_Prisoners-3_2_2_StagHunt,20260308-155713,cadb35fb,1,1.0,Full,TFT,0,3_2_2_StagHunt,0,800,800,0.07855485163629056,0.26412896156311033,0.07184406995773315,0.94625,40.0,0.06605489872395992,0.06412971496582032,0.07184406995773315,0.97125,40.0,0.0,-0.10173041184477444,0.9997384183662172,0.9997433567084548,-0.2480147091514646,0.8534575529713915,0.8534617858901167,0.22089395497110673,0.4860580530821645,3.1538967526232806
scripts\BMA-Study\EG1_group\full_vs_TFT_EG1.db,EG1_group,full_vs_TFT_EG1.db,3_2_2_StagHunt-1_1_1_Prisoners-3_2_2_StagHunt,20260308-155713,cadb35fb,1,1.0,Full,TFT,1,1_1_1_Prisoners,800,1200,400,0.06740683741036305,0.13373205573167393,0.08046279326081276,0.9625,812.0,0.06304740278050304,0.09885657869279385,0.08046279326081276,0.9625,812.0,0.0075,-0.8104265651660322,0.9117808861305382,0.9117808861305382,-0.8104265651660322,0.9117808861305382,0.9117808861305382,16.450336851128377,0.5811856414265344,3.1864384110798403
scripts\BMA-Study\EG1_group\full_vs_TFT_EG1.db,EG1_group,full_vs_TFT_EG1.db,3_2_2_StagHunt-1_1_1_Prisoners-3_2_2_StagHunt,20260308-155713,cadb35fb,1,1.0,Full,TFT,2,3_2_2_StagHunt,1200,2000,800,0.3307689492155758,0.16003524490025953,0.2294380035996437,0.0,,0.12970886590890587,0.11622703656554222,0.2294380035996437,0.37625,1641.0,0.0,-0.6471922269273918,0.7185495568783747,0.7186182161890665,0.4515907706502921,-0.45746404917209615,-0.4575259461017477,1.3608326495345682,1.909313425050035,3.709562642852138
scripts\BMA-Study\EG1_group\full_vs_TFT_EG1.db,EG1_group,full_vs_TFT_EG1.db,3_2_2_StagHunt-1_1_1_Prisoners-3_2_2_StagHunt,20260308-155713,cadb35fb,2,1.0,Full,TFT,0,3_2_2_StagHunt,0,800,800,0.0770626200735569,0.2459840929508209,0.07198270201683045,0.95125,36.0,0.06581266120076179,0.06598475098609924,0.07198270201683045,0.97375,36.0,0.0,-0.24775607440063974,0.9997959319568297,0.999797893757066,-0.3797425419553254,0.8678121488839625,0.8678107875624221,0.20821095087798314,0.4819329529948994,3.152469841945031
scripts\BMA-Study\EG1_group\full_vs_TFT_EG1.db,EG1_group,full_vs_TFT_EG1.db,3_2_2_StagHunt-1_1_1_Prisoners-3_2_2_StagHunt,20260308-155713,cadb35fb,2,1.0,Full,TFT,1,1_1_1_Prisoners,800,1200,400,0.06634918999476844,0.12387181986797756,0.07747292086482048,0.9775,806.0,0.061987590687349436,0.08897902540862561,0.07747292086482048,0.9775,806.0,0.0075,-0.9298603116269476,0.95160276001725,0.95160276001725,-0.9298603116269476,0.95160276001725,0.95160276001725,16.655066231843083,0.5770320597705045,3.1850012957060505
scripts\BMA-Study\EG1_group\full_vs_TFT_EG1.db,EG1_group,full_vs_TFT_EG1.db,3_2_2_StagHunt-1_1_1_Prisoners-3_2_2_StagHunt,20260308-155713,cadb35fb,2,1.0,Full,TFT,2,3_2_2_StagHunt,1200,2000,800,0.32122526215181735,0.2281787737248271,0.23549725860357285,0.0,,0.14676739810034634,0.1497373053431511,0.23549725860357285,0.3275,1599.0,0.0,-0.3387626828871583,0.39138323067466324,0.3913839774463915,0.11705271985885159,-0.11646814210043033,-0.11650003989126093,1.8424975890573114,1.874742766355441,3.693963364920113
scripts\BMA-Study\EG1_group\full_vs_TFT_EG1.db,EG1_group,full_vs_TFT_EG1.db,3_2_2_StagHunt-1_1_1_Prisoners-3_2_2_StagHunt,20260308-155713,cadb35fb,3,1.0,Full,TFT,0,3_2_2_StagHunt,0,800,800,0.07913132250308991,0.27320517182350157,0.07193301796913147,0.94375,42.0,0.0660063710808754,0.06320594906806946,0.07193301796913147,0.97,42.0,0.0,-0.15044600443595732,0.9997985671911462,0.9997998080638394,-0.3038381964699855,0.8464020478094842,0.8464026190540012,0.22003974323277362,0.4871502148544705,3.1542882022915033
scripts\BMA-Study\EG1_group\full_vs_TFT_EG1.db,EG1_group,full_vs_TFT_EG1.db,3_2_2_StagHunt-1_1_1_Prisoners-3_2_2_StagHunt,20260308-155713,cadb35fb,3,1.0,Full,TFT,1,1_1_1_Prisoners,800,1200,400,0.07175797912962563,0.14941906263826912,0.08078803569078445,0.94,821.0,0.06739634074270726,0.11452595554292203,0.08078803569078445,0.94,821.0,0.0075,-0.7068325427033918,0.9462031012693829,0.9462031012693829,-0.7068325427033918,0.9462031012693829,0.9462031012693829,16.714598967302592,0.5993169216188917,3.192368580415675
scripts\BMA-Study\EG1_group\full_vs_TFT_EG1.db,EG1_group,full_vs_TFT_EG1.db,3_2_2_StagHunt-1_1_1_Prisoners-3_2_2_StagHunt,20260308-155713,cadb35fb,3,1.0,Full,TFT,2,3_2_2_StagHunt,1200,2000,800,0.32365418627027664,0.2651103219962876,0.33368801176548,0.0,,0.16767876090481879,0.19837693154811858,0.16631198823451995,0.215,1460.0,0.0,-0.15535659801661672,0.18261280084016612,0.18260126742286997,0.01678729999425533,-0.009426146048355514,-0.009397658482111243,2.2644420593976973,1.8855430018730894,3.699429135140437
scripts\BMA-Study\EG1_group\full_vs_TFT_EG1.db,EG1_group,full_vs_TFT_EG1.db,3_2_2_StagHunt-1_1_1_Prisoners-3_2_2_StagHunt,20260308-155713,cadb35fb,8,1.0,Full,TFT,0,3_2_2_StagHunt,0,800,800,0.07908387295901775,0.2732102334499359,0.07204298019409179,0.94375,42.0,0.0659589209407568,0.06321100115776063,0.07204298019409179,0.97,42.0,0.0,-0.19608579124495157,0.9997937975283269,0.9998036935434272,-0.34948083193603313,0.8464049573348854,0.846406410117375,0.2159359543467872,0.48691674771109544,3.1542096068299266
scripts\BMA-Study\EG1_group\full_vs_TFT_EG1.db,EG1_group,full_vs_TFT_EG1.db,3_2_2_StagHunt-1_1_1_Prisoners-3_2_2_StagHunt,20260308-155713,cadb35fb,8,1.0,Full,TFT,1,1_1_1_Prisoners,800,1200,400,0.07233133399053733,0.1453281109135803,0.08752292290329933,0.9375,819.0,0.06796760054305195,0.11041824333369732,0.08752292290329933,0.9375,819.0,0.0075,-0.738839930249564,0.9430585191157445,0.9430585191157445,-0.738839930249564,0.9430585191157445,0.9430585191157445,16.565646814589854,0.6062335369130467,3.194920768008355
scripts\BMA-Study\EG1_group\full_vs_TFT_EG1.db,EG1_group,full_vs_TFT_EG1.db,3_2_2_StagHunt-1_1_1_Prisoners-3_2_2_StagHunt,20260308-155713,cadb35fb,8,1.0,Full,TFT,2,3_2_2_StagHunt,1200,2000,800,0.3217219704733194,0.2016695124481172,0.2616883611679077,0.0,,0.15293744515627622,0.14956857353448869,0.23831163883209228,0.31375,1553.0,0.0,-0.24401002799830557,0.2898519755868711,0.289865061252994,-0.1355505416385941,0.1546038601593567,0.15463729727360018,1.6101854211930187,1.9030895638123115,3.7068661614158214
scripts\BMA-Study\EG1_group\Grim_vs_Grim_EG1.db,EG1_group,Grim_vs_Grim_EG1.db,1_2_2_Chicken-1_1_1_Prisoners-1_2_2_Chicken,20260309-010359,d6554bb8,3,1.0,Full Grim,Grim,0,1_2_2_Chicken,0,800,800,0.07380491471781166,0.27647770941257477,0.029746543169021606,0.88875,95.0,0.03594507020898163,0.06647847712039948,0.029746543169021606,0.93375,85.0,0.0,0.8112734394175721,-0.9171098853390138,-0.9171126632538701,0.6583518233634026,-0.7596529852883974,-0.7596553845589323,1.1887741628318327,2.23686853946372,3.878459480433014
scripts\BMA-Study\EG1_group\Grim_vs_Grim_EG1.db,EG1_group,Grim_vs_Grim_EG1.db,1_2_2_Chicken-1_1_1_Prisoners-1_2_2_Chicken,20260309-010359,d6554bb8,3,1.0,Full Grim,Grim,1,1_1_1_Prisoners,800,1200,400,0.03673969824565575,0.04761668255552649,0.02894703108817339,0.9875,804.0,0.03673969824565575,0.04761668255552649,0.02894703108817339,0.9875,804.0,0.0,-0.012632056582271546,0.858135194446546,0.8581352821983467,-0.012632056582271546,0.858135194446546,0.8581352821983467,7.988978077445645,2.4445429690685923,3.9707965472726956
scripts\BMA-Study\EG1_group\Grim_vs_Grim_EG1.db,EG1_group,Grim_vs_Grim_EG1.db,1_2_2_Chicken-1_1_1_Prisoners-1_2_2_Chicken,20260309-010359,d6554bb8,3,1.0,Full Grim,Grim,2,1_2_2_Chicken,1200,2000,800,0.024598130862439317,0.043955543923769644,0.024067888259887694,0.995,1204.0,0.023608811907470228,0.02812644064426422,0.024067888259887694,0.99625,1204.0,0.0,-0.9587888221804155,0.9993998179817715,0.9993932751621756,-0.9587796332414644,0.9993995835680981,0.9993930407458249,3.957081263245491,2.4398507096969317,3.9682440476892396
scripts\BMA-Study\EG1_group\Grim_vs_Grim_EG1.db,EG1_group,Grim_vs_Grim_EG1.db,1_2_2_Chicken-1_1_1_Prisoners-1_2_2_Chicken,20260309-010359,d6554bb8,5,1.0,Full Grim,Grim,0,1_2_2_Chicken,0,800,800,0.08020360994258519,0.32754786655306817,0.029745421409606933,0.86625,105.0,0.03706557125784457,0.05754888221621513,0.029745421409606933,0.91375,0.0,0.0,0.9009798202226607,-0.9766717540923299,-0.9766744837658168,0.7243876674553563,-0.7995425018609085,-0.7995517514583227,1.1643653546221322,2.2421437425303283,3.88049186770289
scripts\BMA-Study\EG1_group\Grim_vs_Grim_EG1.db,EG1_group,Grim_vs_Grim_EG1.db,1_2_2_Chicken-1_1_1_Prisoners-1_2_2_Chicken,20260309-010359,d6554bb8,5,1.0,Full Grim,Grim,1,1_1_1_Prisoners,800,1200,400,0.03585417399415746,0.047837004009634254,0.028862062245607376,0.9875,804.0,0.03585417399415746,0.047837004009634254,0.028862062245607376,0.9875,804.0,0.0,-0.020991440981765617,0.8540827128916592,0.8540801472271908,-0.020991440981765617,0.8540827128916592,0.8540801472271908,7.960666985662538,2.4438534404396597,3.970434574860481
scripts\BMA-Study\EG1_group\Grim_vs_Grim_EG1.db,EG1_group,Grim_vs_Grim_EG1.db,1_2_2_Chicken-1_1_1_Prisoners-1_2_2_Chicken,20260309-010359,d6554bb8,5,1.0,Full Grim,Grim,2,1_2_2_Chicken,1200,2000,800,0.024785622982004915,0.04469316288343486,0.02406810760498047,0.995,1204.0,0.02379700493067503,0.02887527406215668,0.02406810760498047,0.99625,1204.0,0.0,-0.9583713035005271,0.9993207139210254,0.9993045230236416,-0.9583620209721354,0.9993204795118692,0.9993042886113854,3.9428486005961894,2.441004893058949,3.9688455468080237
scripts\BMA-Study\EG1_group\Grim_vs_Grim_EG1.db,EG1_group,Grim_vs_Grim_EG1.db,1_2_2_Chicken-1_1_1_Prisoners-1_2_2_Chicken,20260309-010359,d6554bb8,1,1.0,Full Grim,Grim,0,1_2_2_Chicken,0,800,800,0.07410823654181738,0.2674687902629376,0.02974668741226196,0.88875,97.0,0.0362845294829458,0.06746952936053276,0.02974668741226196,0.93125,88.0,0.0,0.7604894804757347,-0.8586182315262405,-0.8586216768028053,0.6400007965351571,-0.7393026880133964,-0.7393058711181677,1.2148438312509098,2.2244032031703105,3.87288338775026
scripts\BMA-Study\EG1_group\Grim_vs_Grim_EG1.db,EG1_group,Grim_vs_Grim_EG1.db,1_2_2_Chicken-1_1_1_Prisoners-1_2_2_Chicken,20260309-010359,d6554bb8,1,1.0,Full Grim,Grim,1,1_1_1_Prisoners,800,1200,400,0.043545058364979926,0.04889890890568495,0.0294888411834836,0.9875,804.0,0.043545058364979926,0.04889890890568495,0.0294888411834836,0.9875,804.0,0.0,0.060822389027799496,0.9182024096862861,0.9182098846451395,0.060822389027799496,0.9182024096862861,0.9182098846451395,7.964183878100593,2.4497708427443188,3.9735392445342024
scripts\BMA-Study\EG1_group\Grim_vs_Grim_EG1.db,EG1_group,Grim_vs_Grim_EG1.db,1_2_2_Chicken-1_1_1_Prisoners-1_2_2_Chicken,20260309-010359,d6554bb8,1,1.0,Full Grim,Grim,2,1_2_2_Chicken,1200,2000,800,0.024777314868044818,0.044653389159392765,0.024068002700805665,0.995,1204.0,0.02378874395042658,0.028836254477500916,0.024068002700805665,0.99625,1204.0,0.0,-0.9588568781305308,0.9992000803971106,0.9991770327407034,-0.9588478769898998,0.9991998459899439,0.999176798329206,3.9708900873796664,2.4408871819352362,3.968784422094709
scripts\BMA-Study\EG1_group\Grim_vs_Grim_EG1.db,EG1_group,Grim_vs_Grim_EG1.db,1_2_2_Chicken-1_1_1_Prisoners-1_2_2_Chicken,20260309-010359,d6554bb8,2,1.0,Full Grim,Grim,0,1_2_2_Chicken,0,800,800,0.07190716570602275,0.249450241625309,0.029745981693267823,0.89375,97.0,0.03493626314215362,0.06945092350244522,0.029745981693267823,0.94,97.0,0.0,0.8848242083520577,-0.9753509778290184,-0.9753527378273632,0.7593200556676349,-0.8534109099523076,-0.853408949543456,1.142478605415963,2.2457206863721484,3.8832367358938016
scripts\BMA-Study\EG1_group\Grim_vs_Grim_EG1.db,EG1_group,Grim_vs_Grim_EG1.db,1_2_2_Chicken-1_1_1_Prisoners-1_2_2_Chicken,20260309-010359,d6554bb8,2,1.0,Full Grim,Grim,1,1_1_1_Prisoners,800,1200,400,0.053444758313708006,0.05042316645383835,0.030347310975193977,0.9875,804.0,0.053444758313708006,0.05042316645383835,0.030347310975193977,0.9875,804.0,0.0,0.07439022023612724,0.920260791703312,0.9202647574162505,0.07439022023612724,0.920260791703312,0.9202647574162505,7.959562110773404,2.4540554867497524,3.9757942062391702
scripts\BMA-Study\EG1_group\Grim_vs_Grim_EG1.db,EG1_group,Grim_vs_Grim_EG1.db,1_2_2_Chicken-1_1_1_Prisoners-1_2_2_Chicken,20260309-010359,d6554bb8,2,1.0,Full Grim,Grim,2,1_2_2_Chicken,1200,2000,800,0.024612308714926975,0.04387975055600388,0.024067506790161133,0.995,1204.0,0.023624296225607397,0.028071550726890562,0.024067506790161133,0.99625,1204.0,0.0,-0.9587616743948079,0.9993737264653747,0.9993855961141016,-0.9587525089630496,0.9993734920537277,0.999385361699588,3.9875413065918837,2.439831419510421,3.968234042902642
scripts\BMA-Study\EG1_group\Grim_vs_Grim_EG1.db,EG1_group,Grim_vs_Grim_EG1.db,1_2_2_Chicken-1_1_1_Prisoners-1_2_2_Chicken,20260309-010359,d6554bb8,6,1.0,Full Grim,Grim,0,1_2_2_Chicken,0,800,800,0.08280606195283394,0.3500106383860111,0.02974949836730957,0.81375,161.0,0.04584618548862636,0.05001177325844765,0.02974949836730957,0.85125,0.0,0.0,0.8889494242766233,-0.9790421767365619,-0.9790473758209524,0.7136845220886014,-0.7937539373931495,-0.7937581658346049,1.1805026912206085,2.242055407984696,3.880014982353732
scripts\BMA-Study\EG1_group\Grim_vs_Grim_EG1.db,EG1_group,Grim_vs_Grim_EG1.db,1_2_2_Chicken-1_1_1_Prisoners-1_2_2_Chicken,20260309-010359,d6554bb8,6,1.0,Full Grim,Grim,1,1_1_1_Prisoners,800,1200,400,0.03507516521262005,0.0475509518943727,0.02894712667912245,0.9875,804.0,0.03507516521262005,0.0475509518943727,0.02894712667912245,0.9875,804.0,0.0,-0.059958646558447,0.8194652017684014,0.8194777624735935,-0.059958646558447,0.8194652017684014,0.8194777624735935,8.090477117028204,2.442535543404509,3.969744411981326
scripts\BMA-Study\EG1_group\Grim_vs_Grim_EG1.db,EG1_group,Grim_vs_Grim_EG1.db,1_2_2_Chicken-1_1_1_Prisoners-1_2_2_Chicken,20260309-010359,d6554bb8,6,1.0,Full Grim,Grim,2,1_2_2_Chicken,1200,2000,800,0.024734379189053034,0.04481866934838064,0.02406783103942871,0.995,1204.0,0.023744063563644887,0.02897361934185028,0.02406783103942871,0.99625,1204.0,0.0,-0.9586512225273837,0.9992627883185592,0.9992500726200303,-0.9586420102691273,0.9992625539081665,0.999249838206793,3.96135515494796,2.440993503871436,3.9688391815489483
scripts\BMA-Study\EG1_group\Grim_vs_Grim_EG1.db,EG1_group,Grim_vs_Grim_EG1.db,1_2_2_Chicken-1_1_1_Prisoners-1_2_2_Chicken,20260309-010359,d6554bb8,8,1.0,Full Grim,Grim,0,1_2_2_Chicken,0,800,800,0.07215182365972769,0.2764774651825428,0.029746326208114623,0.89625,89.0,0.03826123560778796,0.06647825673222542,0.029746326208114623,0.93,88.0,0.0,0.8765733490842021,-0.9729464004349379,-0.9729512078782876,0.7497134169960409,-0.8446477396152688,-0.8446521982399621,1.1700113176333253,2.2392580553231456,3.879638322957477
scripts\BMA-Study\EG1_group\Grim_vs_Grim_EG1.db,EG1_group,Grim_vs_Grim_EG1.db,1_2_2_Chicken-1_1_1_Prisoners-1_2_2_Chicken,20260309-010359,d6554bb8,8,1.0,Full Grim,Grim,1,1_1_1_Prisoners,800,1200,400,0.03790155971888453,0.04794570032507181,0.029107021056115626,0.9875,804.0,0.03790155971888453,0.04794570032507181,0.029107021056115626,0.9875,804.0,0.0,-0.007123363699179717,0.8678378442738345,0.8678383103416034,-0.007123363699179717,0.8678378442738345,0.8678383103416034,7.999328803411918,2.4454358796559346,3.9712646516663552
scripts\BMA-Study\EG1_group\Grim_vs_Grim_EG1.db,EG1_group,Grim_vs_Grim_EG1.db,1_2_2_Chicken-1_1_1_Prisoners-1_2_2_Chicken,20260309-010359,d6554bb8,8,1.0,Full Grim,Grim,2,1_2_2_Chicken,1200,2000,800,0.024686217560929754,0.04448428439398921,0.024067864418029786,0.995,1204.0,0.023697646521031856,0.028667147755622863,0.024067864418029786,0.99625,1204.0,0.0,-0.9577691250563307,0.9991877784721809,0.9991810347014669,-0.9577599363463224,0.9991875440643643,0.9991808002910421,3.959302547411935,2.4403725835142382,3.9685157021813744
scripts\BMA-Study\EG1_group\Grim_vs_Grim_EG1.db,EG1_group,Grim_vs_Grim_EG1.db,1_2_2_Chicken-1_1_1_Prisoners-1_2_2_Chicken,20260309-010359,d6554bb8,4,1.0,Full Grim,Grim,0,1_2_2_Chicken,0,800,800,0.08285596068797753,0.2764777810871601,0.029748353958129883,0.80625,161.0,0.0491383867803961,0.0664785774052143,0.029748353958129883,0.8425,161.0,0.0,0.9008451072080644,-0.9770545961631848,-0.9770590728992171,0.7690296992492491,-0.8511304744885456,-0.8511298366414781,1.147382774563448,2.2223400878578348,3.872483172584415
scripts\BMA-Study\EG1_group\Grim_vs_Grim_EG1.db,EG1_group,Grim_vs_Grim_EG1.db,1_2_2_Chicken-1_1_1_Prisoners-1_2_2_Chicken,20260309-010359,d6554bb8,4,1.0,Full Grim,Grim,1,1_1_1_Prisoners,800,1200,400,0.048448228903580456,0.04986504254862666,0.029674333147704603,0.9875,804.0,0.048448228903580456,0.04986504254862666,0.029674333147704603,0.9875,804.0,0.0,0.08087042592978944,0.8972806968449112,0.8972804323033454,0.08087042592978944,0.8972806968449112,0.8972804323033454,7.896309048008407,2.451568662772307,3.974484319986757
scripts\BMA-Study\EG1_group\Grim_vs_Grim_EG1.db,EG1_group,Grim_vs_Grim_EG1.db,1_2_2_Chicken-1_1_1_Prisoners-1_2_2_Chicken,20260309-010359,d6554bb8,4,1.0,Full Grim,Grim,2,1_2_2_Chicken,1200,2000,800,0.024791963500598705,0.04441872760168132,0.02406813144683838,0.995,1204.0,0.023803421296179295,0.028602052330970764,0.02406813144683838,0.99625,1204.0,0.0,-0.9581853098375614,0.9992034323337272,0.9992037546806152,-0.9581757460049038,0.9992031979242567,0.9992035202681666,3.9665508143097394,2.440739908869613,3.9687080683672513
scripts\BMA-Study\EG1_group\Grim_vs_Grim_EG1.db,EG1_group,Grim_vs_Grim_EG1.db,1_2_2_Chicken-1_1_1_Prisoners-1_2_2_Chicken,20260309-010359,d6554bb8,7,1.0,Full Grim,Grim,0,1_2_2_Chicken,0,800,800,0.07136517580877615,0.29449623316526413,0.029745402336120604,0.89,90.0,0.035638291416689755,0.06449708670377731,0.029745402336120604,0.92875,87.0,0.0,0.7448858856828198,-0.8521083855409052,-0.8521129352813377,0.6067800409896008,-0.7116126848400337,-0.7116168196700764,1.1414916768259717,2.2407845798335813,3.880072399156347
scripts\BMA-Study\EG1_group\Grim_vs_Grim_EG1.db,EG1_group,Grim_vs_Grim_EG1.db,1_2_2_Chicken-1_1_1_Prisoners-1_2_2_Chicken,20260309-010359,d6554bb8,7,1.0,Full Grim,Grim,1,1_1_1_Prisoners,800,1200,400,0.04365380193805322,0.0490341673232615,0.02966374434530735,0.9875,804.0,0.04365380193805322,0.0490341673232615,0.02966374434530735,0.9875,804.0,0.0,0.04028370060292115,0.9078982734606343,0.9078977831209399,0.04028370060292115,0.9078982734606343,0.9078977831209399,8.00597862574912,2.4496037780334214,3.9734515170920406
scripts\BMA-Study\EG1_group\Grim_vs_Grim_EG1.db,EG1_group,Grim_vs_Grim_EG1.db,1_2_2_Chicken-1_1_1_Prisoners-1_2_2_Chicken,20260309-010359,d6554bb8,7,1.0,Full Grim,Grim,2,1_2_2_Chicken,1200,2000,800,0.02479397203157956,0.04467352082421213,0.02406796932220459,0.995,1204.0,0.023805396743118764,0.028856316208839418,0.02406796932220459,0.99625,1204.0,0.0,-0.9585761065131438,0.9992777066025281,0.9992891367588101,-0.9585669882370685,0.9992774721981103,0.9992889023501742,3.9763568770806885,2.4411424815480434,3.9689174936658667
scripts\BMA-Study\EG1_group\Grim_vs_Grim_EG1.db,EG1_group,Grim_vs_Grim_EG1.db,3_2_2_StagHunt-1_1_1_Prisoners-3_2_2_StagHunt,20260309-011653,d6554bb8,8,1.0,Full Grim,Grim,0,3_2_2_StagHunt,0,800,800,0.015982332229614257,0.21669421672821046,0.002363409996032715,0.97375,21.0,0.002857380211353302,0.006694984436035156,0.002363409996032715,1.0,0.0,0.0,0.8341913948057047,-0.8221496997016681,-0.8221489734373318,0.6806731439329445,-0.9756614194794622,-0.975668788785322,0.13811066833062796,0.4525060167177209,3.1428297465729007
scripts\BMA-Study\EG1_group\Grim_vs_Grim_EG1.db,EG1_group,Grim_vs_Grim_EG1.db,3_2_2_StagHunt-1_1_1_Prisoners-3_2_2_StagHunt,20260309-011653,d6554bb8,8,1.0,Full Grim,Grim,1,1_1_1_Prisoners,800,1200,400,1.3892906735390864,1.3906618890208273,1.3896741190402409,0.0,,0.9644293861091137,0.9663928282260895,0.964979761838913,0.0,,1.0,0.06516678790434115,-0.9993255174698624,-0.9993640001474006,0.06516678790434115,-0.9993255174698624,-0.9993640001474006,0.005184937990270555,1.4533931720383513,3.5103531240979957
scripts\BMA-Study\EG1_group\Grim_vs_Grim_EG1.db,EG1_group,Grim_vs_Grim_EG1.db,3_2_2_StagHunt-1_1_1_Prisoners-3_2_2_StagHunt,20260309-011653,d6554bb8,8,1.0,Full Grim,Grim,2,3_2_2_StagHunt,1200,2000,800,0.0022779826819896696,0.002723662853240967,0.0022483468055725098,1.0,1200.0,0.0022779826819896696,0.002723662853240967,0.0022483468055725098,1.0,1200.0,0.0,-0.24937952330737886,0.8866122536860842,0.8865926644039783,-0.24937952330737886,0.8866122536860842,0.8865926644039783,0.005018405447190162,0.4372305314146601,3.1371923524764487
scripts\BMA-Study\EG1_group\Grim_vs_Grim_EG1.db,EG1_group,Grim_vs_Grim_EG1.db,3_2_2_StagHunt-1_1_1_Prisoners-3_2_2_StagHunt,20260309-011653,d6554bb8,5,1.0,Full Grim,Grim,0,3_2_2_StagHunt,0,800,800,0.019830336049199104,0.2760122013092041,0.0023635268211364747,0.96625,27.0,0.002955399230122566,0.006013212203979493,0.0023635268211364747,1.0,0.0,0.0,0.8509711621351882,-0.7761652727334163,-0.776170922487356,0.6550873480643884,-0.972061324728408,-0.9720597414977139,0.14854242519300898,0.45793528787184107,3.1447956853652044
scripts\BMA-Study\EG1_group\Grim_vs_Grim_EG1.db,EG1_group,Grim_vs_Grim_EG1.db,3_2_2_StagHunt-1_1_1_Prisoners-3_2_2_StagHunt,20260309-011653,d6554bb8,5,1.0,Full Grim,Grim,1,1_1_1_Prisoners,800,1200,400,1.3892905469367833,1.3906616489821928,1.3896740213794416,0.0,,0.9644292037189007,0.9663924825191498,0.9649796211719512,0.0,,1.0,0.215505537813876,-0.9992505643692053,-0.9992842650759015,0.215505537813876,-0.9992505643692053,-0.9992842650759015,0.0052514046453870835,1.453394345823698,3.5103536073806554
scripts\BMA-Study\EG1_group\Grim_vs_Grim_EG1.db,EG1_group,Grim_vs_Grim_EG1.db,3_2_2_StagHunt-1_1_1_Prisoners-3_2_2_StagHunt,20260309-011653,d6554bb8,5,1.0,Full Grim,Grim,2,3_2_2_StagHunt,1200,2000,800,0.002277988791465759,0.0027236652374267576,0.0022483468055725098,1.0,1200.0,0.002277988791465759,0.0027236652374267576,0.0022483468055725098,1.0,1200.0,0.0,-0.17239899831231673,0.8849956092025838,0.8849512750669242,-0.17239899831231673,0.8849956092025838,0.8849512750669242,0.004984957162232604,0.4372310879900458,3.137192534740036
scripts\BMA-Study\EG1_group\Grim_vs_Grim_EG1.db,EG1_group,Grim_vs_Grim_EG1.db,3_2_2_StagHunt-1_1_1_Prisoners-3_2_2_StagHunt,20260309-011653,d6554bb8,4,1.0,Full Grim,Grim,0,3_2_2_StagHunt,0,800,800,0.015974654108285902,0.216662917137146,0.0023635244369506836,0.97375,21.0,0.0028497038781642916,0.006663713455200195,0.0023635244369506836,1.0,0.0,0.0,0.8265160985250908,-0.8187098563515149,-0.8187131438081192,0.6726186216030506,-0.9726085470359275,-0.9726070958546271,0.1407989509406616,0.45248512646664585,3.1428228803412366
scripts\BMA-Study\EG1_group\Grim_vs_Grim_EG1.db,EG1_group,Grim_vs_Grim_EG1.db,3_2_2_StagHunt-1_1_1_Prisoners-3_2_2_StagHunt,20260309-011653,d6554bb8,4,1.0,Full Grim,Grim,1,1_1_1_Prisoners,800,1200,400,1.3892904022495562,1.3906615943769203,1.3896738815240512,0.0,,0.9644289952516556,0.9663924038410187,0.964979419708252,0.0,,1.0,0.26852101813671,-0.9992658278953492,-0.9993131330259315,0.26852101813671,-0.9992658278953492,-0.9993131330259315,0.005279673964250833,1.4533973021584057,3.5103548210854503
scripts\BMA-Study\EG1_group\Grim_vs_Grim_EG1.db,EG1_group,Grim_vs_Grim_EG1.db,3_2_2_StagHunt-1_1_1_Prisoners-3_2_2_StagHunt,20260309-011653,d6554bb8,4,1.0,Full Grim,Grim,2,3_2_2_StagHunt,1200,2000,800,0.0022779928147792818,0.002723701000213623,0.0022483468055725098,1.0,1200.0,0.0022779928147792818,0.002723701000213623,0.0022483468055725098,1.0,1200.0,0.0,-0.19403997966300565,0.867911881478082,0.867869758824335,-0.19403997966300565,0.867911881478082,0.867869758824335,0.005017602390435059,0.4372315659895335,3.137192691734636
scripts\BMA-Study\EG1_group\Grim_vs_Grim_EG1.db,EG1_group,Grim_vs_Grim_EG1.db,3_2_2_StagHunt-1_1_1_Prisoners-3_2_2_StagHunt,20260309-011653,d6554bb8,3,1.0,Full Grim,Grim,0,3_2_2_StagHunt,0,800,800,0.016020818054676055,0.21666831254959107,0.0023635268211364747,0.97375,21.0,0.002895866632461548,0.006669089794158935,0.0023635268211364747,1.0,0.0,0.0,0.8190139005188073,-0.8213521864039312,-0.8213538156139082,0.6654510763715973,-0.9749189620884369,-0.9749209233319686,0.13859544178994837,0.452107742779136,3.142699445323731
scripts\BMA-Study\EG1_group\Grim_vs_Grim_EG1.db,EG1_group,Grim_vs_Grim_EG1.db,3_2_2_StagHunt-1_1_1_Prisoners-3_2_2_StagHunt,20260309-011653,d6554bb8,3,1.0,Full Grim,Grim,1,1_1_1_Prisoners,800,1200,400,1.3892904284086234,1.3906615289450577,1.389673970901827,0.0,,0.9644290329515934,0.9663923096656799,0.9649795484542847,0.0,,1.0,0.16941103286815817,-0.999140148583033,-0.9991336603790435,0.16941103286815817,-0.999140148583033,-0.9991336603790435,0.005238983330782503,1.4533959758804524,3.5103542766771114
scripts\BMA-Study\EG1_group\Grim_vs_Grim_EG1.db,EG1_group,Grim_vs_Grim_EG1.db,3_2_2_StagHunt-1_1_1_Prisoners-3_2_2_StagHunt,20260309-011653,d6554bb8,3,1.0,Full Grim,Grim,2,3_2_2_StagHunt,1200,2000,800,0.002277991771697998,0.002723677158355713,0.0022483468055725098,1.0,1200.0,0.002277991771697998,0.002723677158355713,0.0022483468055725098,1.0,1200.0,0.0,-0.18558932383375967,0.879149686842266,0.8791027871134902,-0.18558932383375967,0.879149686842266,0.8791027871134902,0.004969019051641226,0.437231620317971,3.1371927093684335
scripts\BMA-Study\EG1_group\Grim_vs_Grim_EG1.db,EG1_group,Grim_vs_Grim_EG1.db,3_2_2_StagHunt-1_1_1_Prisoners-3_2_2_StagHunt,20260309-011653,d6554bb8,1,1.0,Full Grim,Grim,0,3_2_2_StagHunt,0,800,800,0.015408360883593559,0.20669398069381714,0.0023635268211364747,0.975,20.0,0.0029084079712629316,0.0066947340965271,0.0023635268211364747,1.0,0.0,0.0,0.8302007753754854,-0.8294278558441829,-0.8294296491870975,0.6838239067328303,-0.9758008718606092,-0.9758029816831421,0.13825471689051483,0.4508730400863925,3.1422639511393498
scripts\BMA-Study\EG1_group\Grim_vs_Grim_EG1.db,EG1_group,Grim_vs_Grim_EG1.db,3_2_2_StagHunt-1_1_1_Prisoners-3_2_2_StagHunt,20260309-011653,d6554bb8,1,1.0,Full Grim,Grim,1,1_1_1_Prisoners,800,1200,400,1.3892905912961948,1.3906616050408127,1.3896741157308385,0.0,,0.9644292676448822,0.9663924193382263,0.9649797570705414,0.0,,1.0,0.1785098507074612,-0.9991513945576109,-0.9991468768265943,0.1785098507074612,-0.9991513945576109,-0.9991468768265943,0.005212128148996271,1.4533933676261626,3.5103532062479412
scripts\BMA-Study\EG1_group\Grim_vs_Grim_EG1.db,EG1_group,Grim_vs_Grim_EG1.db,3_2_2_StagHunt-1_1_1_Prisoners-3_2_2_StagHunt,20260309-011653,d6554bb8,1,1.0,Full Grim,Grim,2,3_2_2_StagHunt,1200,2000,800,0.002277982234954834,0.002723660469055176,0.0022483468055725098,1.0,1200.0,0.002277982234954834,0.002723660469055176,0.0022483468055725098,1.0,1200.0,0.0,-0.16496170755653378,0.8880028378322992,0.8880231893561904,-0.16496170755653378,0.8880028378322992,0.8880231893561904,0.004962982925935649,0.4372304285541984,3.137192318284032
scripts\BMA-Study\EG1_group\Grim_vs_Grim_EG1.db,EG1_group,Grim_vs_Grim_EG1.db,3_2_2_StagHunt-1_1_1_Prisoners-3_2_2_StagHunt,20260309-011653,d6554bb8,2,1.0,Full Grim,Grim,0,3_2_2_StagHunt,0,800,800,0.01405222438275814,0.18677267789840699,0.0023635268211364747,0.9775,18.0,0.0028022655099630357,0.006773335933685303,0.0023635268211364747,1.0,0.0,0.0,0.8106442967593639,-0.8435147948788156,-0.8435153867031078,0.6785178399036755,-0.9756383530573521,-0.9756420230058533,0.1311274056840921,0.44953038061046646,3.141761149141662
scripts\BMA-Study\EG1_group\Grim_vs_Grim_EG1.db,EG1_group,Grim_vs_Grim_EG1.db,3_2_2_StagHunt-1_1_1_Prisoners-3_2_2_StagHunt,20260309-011653,d6554bb8,2,1.0,Full Grim,Grim,1,1_1_1_Prisoners,800,1200,400,1.3892905038110823,1.390661642363372,1.3896740097965325,0.0,,0.9644291415810585,0.9663924729824066,0.9649796044826507,0.0,,1.0,0.09095314364162377,-0.9992902883353492,-0.9993180322904468,0.09095314364162377,-0.9992902883353492,-0.9993180322904468,0.005256816443288698,1.4533953672964157,3.510354025541071
scripts\BMA-Study\EG1_group\Grim_vs_Grim_EG1.db,EG1_group,Grim_vs_Grim_EG1.db,3_2_2_StagHunt-1_1_1_Prisoners-3_2_2_StagHunt,20260309-011653,d6554bb8,2,1.0,Full Grim,Grim,2,3_2_2_StagHunt,1200,2000,800,0.002277987748384476,0.0027236652374267576,0.0022483468055725098,1.0,1200.0,0.002277987748384476,0.0027236652374267576,0.0022483468055725098,1.0,1200.0,0.0,-0.16007119596502353,0.8860648123089011,0.8860658091392251,-0.16007119596502353,0.8860648123089011,0.8860658091392251,0.004983797200839035,0.43723106751622454,3.137192528227306
scripts\BMA-Study\EG1_group\Grim_vs_Grim_EG1.db,EG1_group,Grim_vs_Grim_EG1.db,3_2_2_StagHunt-1_1_1_Prisoners-3_2_2_StagHunt,20260309-011653,d6554bb8,7,1.0,Full Grim,Grim,0,3_2_2_StagHunt,0,800,800,0.017239093780517578,0.2366093850135803,0.0023634147644042967,0.97125,23.0,0.0028641480207443237,0.006610252857208252,0.0023634147644042967,1.0,0.0,0.0,0.8077697027789336,-0.8065521945481895,-0.8065515536930623,0.6399528929929279,-0.9743629674643659,-0.9743628123544447,0.1406440494238632,0.4545579859906928,3.1435643287350796
scripts\BMA-Study\EG1_group\Grim_vs_Grim_EG1.db,EG1_group,Grim_vs_Grim_EG1.db,3_2_2_StagHunt-1_1_1_Prisoners-3_2_2_StagHunt,20260309-011653,d6554bb8,7,1.0,Full Grim,Grim,1,1_1_1_Prisoners,800,1200,400,1.389290440421413,1.3906616771612132,1.3896739469178931,0.0,,0.9644290502369404,0.9663925230503082,0.9649795138835907,0.0,,1.0,0.1428849069170122,-0.9993305993974865,-0.9993067140546514,0.1428849069170122,-0.9993305993974865,-0.9993067140546514,0.005330716780154034,1.4533972859768667,3.510354815804565
scripts\BMA-Study\EG1_group\Grim_vs_Grim_EG1.db,EG1_group,Grim_vs_Grim_EG1.db,3_2_2_StagHunt-1_1_1_Prisoners-3_2_2_StagHunt,20260309-011653,d6554bb8,7,1.0,Full Grim,Grim,2,3_2_2_StagHunt,1200,2000,800,0.0022779905796051023,0.0027236652374267576,0.0022483468055725098,1.0,1200.0,0.0022779905796051023,0.0027236652374267576,0.0022483468055725098,1.0,1200.0,0.0,-0.1848396473796753,0.8797940163416991,0.8797755309612538,-0.1848396473796753,0.8797940163416991,0.8797755309612538,0.004990518152189907,0.43723154694032224,3.1371926854026606
scripts\BMA-Study\EG1_group\Grim_vs_Grim_EG1.db,EG1_group,Grim_vs_Grim_EG1.db,3_2_2_StagHunt-1_1_1_Prisoners-3_2_2_StagHunt,20260309-011653,d6554bb8,6,1.0,Full Grim,Grim,0,3_2_2_StagHunt,0,800,800,0.021717325523495673,0.30519538164138793,0.0023635268211364747,0.9625,30.0,0.002967396453022957,0.005196516513824463,0.0023635268211364747,1.0,0.0,0.0,0.8200383411686937,-0.7571999132790552,-0.757203856473433,0.60330186898489,-0.9739213380034919,-0.9739263695177709,0.1569895253254799,0.46134488883049357,3.146006163888377
scripts\BMA-Study\EG1_group\Grim_vs_Grim_EG1.db,EG1_group,Grim_vs_Grim_EG1.db,3_2_2_StagHunt-1_1_1_Prisoners-3_2_2_StagHunt,20260309-011653,d6554bb8,6,1.0,Full Grim,Grim,1,1_1_1_Prisoners,800,1200,400,1.3892903668593783,1.3906612872386264,1.3896739295343008,0.0,,0.9644289442896843,0.9663919615745544,0.9649794888496399,0.0,,1.0,0.1637413051678833,-0.9988060835551426,-0.9988369243674431,0.1637413051678833,-0.9988060835551426,-0.9988369243674431,0.005231234556995332,1.4533954798819213,3.51035407075682
scripts\BMA-Study\EG1_group\Grim_vs_Grim_EG1.db,EG1_group,Grim_vs_Grim_EG1.db,3_2_2_StagHunt-1_1_1_Prisoners-3_2_2_StagHunt,20260309-011653,d6554bb8,6,1.0,Full Grim,Grim,2,3_2_2_StagHunt,1200,2000,800,0.002277989834547043,0.0027236700057983398,0.0022483468055725098,1.0,1200.0,0.002277989834547043,0.0027236700057983398,0.0022483468055725098,1.0,1200.0,0.0,-0.17893897531945324,0.8770037093747615,0.8769860096220734,-0.17893897531945324,0.8770037093747615,0.8769860096220734,0.005017226492345799,0.4372314062902771,3.13719263961666
scripts\BMA-Study\EG1_group\TFT_vs_TFT_EG1.db,EG1_group,TFT_vs_TFT_EG1.db,1_2_2_Chicken-1_1_1_Prisoners-1_2_2_Chicken,20260308-161400,cadb35fb,2,1.0,Full TFT,TFT,0,1_2_2_Chicken,0,800,800,0.700411095159363,0.6151368535296828,0.7062244944132534,0.00125,,0.0016400576382875442,0.004777698516845703,0.0012485826015472413,1.0,0.0,0.0,-0.8603889471961812,0.996956490450782,0.996989750541631,0.7349350399911119,-0.8773184018100193,-0.8773448330499043,0.6551503598561976,1.3963115284428818,3.487092607940299
scripts\BMA-Study\EG1_group\TFT_vs_TFT_EG1.db,EG1_group,TFT_vs_TFT_EG1.db,1_2_2_Chicken-1_1_1_Prisoners-1_2_2_Chicken,20260308-161400,cadb35fb,2,1.0,Full TFT,TFT,1,1_1_1_Prisoners,800,1200,400,1.3893212246279316,1.3909147944580909,1.3897011710515994,0.0,,0.9644728724658489,0.9667534625530243,0.9650182390213012,0.0,,1.0,0.2121289667245969,-0.9972572032121139,-0.9978005715352999,0.2121289667245969,-0.9972572032121139,-0.9978005715352999,0.0051262753014452754,1.4616282214924194,3.513551326959024
scripts\BMA-Study\EG1_group\TFT_vs_TFT_EG1.db,EG1_group,TFT_vs_TFT_EG1.db,1_2_2_Chicken-1_1_1_Prisoners-1_2_2_Chicken,20260308-161400,cadb35fb,2,1.0,Full TFT,TFT,2,1_2_2_Chicken,1200,2000,800,0.7062598430510627,0.7059829236662128,0.7062782813301665,0.0,,0.0011985427141189575,0.0015917158126831055,0.0011723637580871582,1.0,1200.0,0.0,0.1284108229734871,-0.7463077202638723,-0.7460597510326084,-0.1284108229734871,0.7463077202638723,0.7460597510326084,0.005006822709401604,1.4285141946379685,3.4999766451654337
scripts\BMA-Study\EG1_group\TFT_vs_TFT_EG1.db,EG1_group,TFT_vs_TFT_EG1.db,1_2_2_Chicken-1_1_1_Prisoners-1_2_2_Chicken,20260308-161400,cadb35fb,3,1.0,Full TFT,TFT,0,1_2_2_Chicken,0,800,800,0.6995286997729824,0.6033448397771686,0.7062244944132534,0.00125,,0.0017904134839773179,0.0038743352890014647,0.0012485826015472413,1.0,0.0,0.0,-0.8619114628094618,0.996377515202625,0.9964029488694844,0.7167082222448351,-0.8616702440411754,-0.8616990591458994,0.6970201473362977,1.3918057324130626,3.485303337782442
scripts\BMA-Study\EG1_group\TFT_vs_TFT_EG1.db,EG1_group,TFT_vs_TFT_EG1.db,1_2_2_Chicken-1_1_1_Prisoners-1_2_2_Chicken,20260308-161400,cadb35fb,3,1.0,Full TFT,TFT,1,1_1_1_Prisoners,800,1200,400,1.3893211987662948,1.3909147373149853,1.389701141267095,0.0,,0.9644728352129459,0.9667533802986145,0.9650181961059571,0.0,,1.0,0.18253410699248027,-0.9967577611585907,-0.9971590140152444,0.18253410699248027,-0.9967577611585907,-0.9971590140152444,0.005255846362560987,1.461628109703143,3.513551279054643
scripts\BMA-Study\EG1_group\TFT_vs_TFT_EG1.db,EG1_group,TFT_vs_TFT_EG1.db,1_2_2_Chicken-1_1_1_Prisoners-1_2_2_Chicken,20260308-161400,cadb35fb,3,1.0,Full TFT,TFT,2,1_2_2_Chicken,1200,2000,800,0.7062598413671687,0.7059829236662128,0.7062782813301665,0.0,,0.0011985450983047485,0.0015917158126831055,0.0011723637580871582,1.0,1200.0,0.0,0.08973576597612122,-0.7306192118060443,-0.7306409955151714,-0.08973576597612122,0.7306192118060443,0.7306409955151714,0.005069276961730793,1.428514864452167,3.4999769179976568
scripts\BMA-Study\EG1_group\TFT_vs_TFT_EG1.db,EG1_group,TFT_vs_TFT_EG1.db,1_2_2_Chicken-1_1_1_Prisoners-1_2_2_Chicken,20260308-161400,cadb35fb,1,1.0,Full TFT,TFT,0,1_2_2_Chicken,0,800,800,0.6997835609648348,0.6073096231511159,0.70622446578705,0.00125,,0.001796080693602562,0.0041267466545104985,0.0012486231327056884,1.0,0.0,0.0,-0.8586708992525661,0.996195039208812,0.9962425880715834,0.7199620652766534,-0.8673433220029071,-0.8673832366682338,0.6915061782090924,1.3903234098413622,3.4847125520885
scripts\BMA-Study\EG1_group\TFT_vs_TFT_EG1.db,EG1_group,TFT_vs_TFT_EG1.db,1_2_2_Chicken-1_1_1_Prisoners-1_2_2_Chicken,20260308-161400,cadb35fb,1,1.0,Full TFT,TFT,1,1_1_1_Prisoners,800,1200,400,1.3893212970149886,1.390914773718315,1.3897012207015584,0.0,,0.9644729767739773,0.9667534327507019,0.965018310546875,0.0,,1.0,0.21470839661849006,-0.996350875783345,-0.9965390481497612,0.21470839661849006,-0.996350875783345,-0.9965390481497612,0.0051370507973479106,1.4616266298688487,3.513550669337766
scripts\BMA-Study\EG1_group\TFT_vs_TFT_EG1.db,EG1_group,TFT_vs_TFT_EG1.db,1_2_2_Chicken-1_1_1_Prisoners-1_2_2_Chicken,20260308-161400,cadb35fb,1,1.0,Full TFT,TFT,2,1_2_2_Chicken,1200,2000,800,0.7062598443139834,0.7059829236662128,0.7062782813301665,0.0,,0.0011985409259796143,0.0015917158126831055,0.0011723637580871582,1.0,1200.0,0.0,0.17098500804027864,-0.757032343535534,-0.7569310558444964,-0.17098500804027864,0.757032343535534,0.7569310558444964,0.004998098833893892,1.4285135901937471,3.49997639922953
scripts\BMA-Study\EG1_group\TFT_vs_TFT_EG1.db,EG1_group,TFT_vs_TFT_EG1.db,1_2_2_Chicken-1_1_1_Prisoners-1_2_2_Chicken,20260308-161400,cadb35fb,8,1.0,Full TFT,TFT,0,1_2_2_Chicken,0,800,800,0.6995663060513562,0.6032911318980225,0.7062244944132534,0.00125,,0.0017369481176137925,0.0039510798454284665,0.0012485826015472413,1.0,0.0,0.0,-0.8380710113355777,0.9959257011345158,0.995977345058162,0.6925875928802557,-0.859549771528599,-0.8596025357840212,0.6841056021410623,1.394723648432236,3.4864664452189857
scripts\BMA-Study\EG1_group\TFT_vs_TFT_EG1.db,EG1_group,TFT_vs_TFT_EG1.db,1_2_2_Chicken-1_1_1_Prisoners-1_2_2_Chicken,20260308-161400,cadb35fb,8,1.0,Full TFT,TFT,1,1_1_1_Prisoners,800,1200,400,1.389321373876549,1.390914982382904,1.389701247176674,0.0,,0.9644730874896049,0.9667537331581115,0.9650183486938476,0.0,,1.0,0.20188166155180132,-0.9968558597304698,-0.9975418227942624,0.20188166155180132,-0.9968558597304698,-0.9975418227942624,0.0052565893298015,1.4616263561347527,3.513550553375868
scripts\BMA-Study\EG1_group\TFT_vs_TFT_EG1.db,EG1_group,TFT_vs_TFT_EG1.db,1_2_2_Chicken-1_1_1_Prisoners-1_2_2_Chicken,20260308-161400,cadb35fb,8,1.0,Full TFT,TFT,2,1_2_2_Chicken,1200,2000,800,0.7062598454716605,0.7059829236662128,0.7062782813301665,0.0,,0.001198539286851883,0.0015917158126831055,0.0011723637580871582,1.0,1200.0,0.0,0.10409547547575888,-0.7659871783962549,-0.7658850781644376,-0.10409547547575888,0.7659871783962549,0.7658850781644376,0.005007097237976268,1.4285132748460212,3.499976270662179
scripts\BMA-Study\EG1_group\TFT_vs_TFT_EG1.db,EG1_group,TFT_vs_TFT_EG1.db,1_2_2_Chicken-1_1_1_Prisoners-1_2_2_Chicken,20260308-161400,cadb35fb,5,1.0,Full TFT,TFT,0,1_2_2_Chicken,0,800,800,0.6979918601621727,0.5794735910599017,0.7062244624192614,0.00125,,0.0017665991187095643,0.002478259801864624,0.0012486279010772705,1.0,0.0,0.0,-0.8521173742180082,0.995829843141593,0.9958545829579324,0.6685329715925785,-0.8246438719047716,-0.8246757704059812,0.744948264681152,1.3949728997318405,3.486542805597097
scripts\BMA-Study\EG1_group\TFT_vs_TFT_EG1.db,EG1_group,TFT_vs_TFT_EG1.db,1_2_2_Chicken-1_1_1_Prisoners-1_2_2_Chicken,20260308-161400,cadb35fb,5,1.0,Full TFT,TFT,1,1_1_1_Prisoners,800,1200,400,1.3893212629917882,1.3909147298806812,1.3897012041546102,0.0,,0.9644729277491569,0.9667533695697784,0.9650182867050171,0.0,,1.0,0.2273930927628773,-0.9967295138404448,-0.997564569252562,0.2273930927628773,-0.9967295138404448,-0.997564569252562,0.00520344321266748,1.4616272491392857,3.5135509272757144
scripts\BMA-Study\EG1_group\TFT_vs_TFT_EG1.db,EG1_group,TFT_vs_TFT_EG1.db,1_2_2_Chicken-1_1_1_Prisoners-1_2_2_Chicken,20260308-161400,cadb35fb,5,1.0,Full TFT,TFT,2,1_2_2_Chicken,1200,2000,800,0.7062598435772796,0.7059829236662128,0.7062782813301665,0.0,,0.0011985419690608977,0.0015917158126831055,0.0011723637580871582,1.0,1200.0,0.0,0.095791213255568,-0.7497259343981193,-0.7497095919541493,-0.095791213255568,0.7497259343981193,0.7497095919541493,0.004944949242344592,1.4285142443288092,3.499976665366412
scripts\BMA-Study\EG1_group\TFT_vs_TFT_EG1.db,EG1_group,TFT_vs_TFT_EG1.db,1_2_2_Chicken-1_1_1_Prisoners-1_2_2_Chicken,20260308-161400,cadb35fb,4,1.0,Full TFT,TFT,0,1_2_2_Chicken,0,800,800,0.6995788365578676,0.6033103862801776,0.7062244944132534,0.00125,,0.0017191114276647569,0.003923588991165161,0.0012485826015472413,1.0,0.0,0.0,-0.8717902125128265,0.9960115208152344,0.996057986387611,0.7263586136604546,-0.8592433728444321,-0.8592842009220215,0.6812652308671386,1.3946776891470831,3.4864448236745944
scripts\BMA-Study\EG1_group\TFT_vs_TFT_EG1.db,EG1_group,TFT_vs_TFT_EG1.db,1_2_2_Chicken-1_1_1_Prisoners-1_2_2_Chicken,20260308-161400,cadb35fb,4,1.0,Full TFT,TFT,1,1_1_1_Prisoners,800,1200,400,1.3893212952718441,1.3909148946398704,1.3897011743609893,0.0,,0.9644729742407798,0.9667536067962647,0.9650182437896728,0.0,,1.0,0.194914400872591,-0.9964883533746022,-0.997635430358753,0.194914400872591,-0.9964883533746022,-0.997635430358753,0.005208799276733771,1.4616275661318416,3.5135510497246134
scripts\BMA-Study\EG1_group\TFT_vs_TFT_EG1.db,EG1_group,TFT_vs_TFT_EG1.db,1_2_2_Chicken-1_1_1_Prisoners-1_2_2_Chicken,20260308-161400,cadb35fb,4,1.0,Full TFT,TFT,2,1_2_2_Chicken,1200,2000,800,0.7062598438930098,0.7059829236662128,0.7062782813301665,0.0,,0.001198541522026062,0.0015917158126831055,0.0011723637580871582,1.0,1200.0,0.0,0.09199689023234064,-0.7525367945713277,-0.7523726871333748,-0.09199689023234064,0.7525367945713277,0.7523726871333748,0.004940927724237554,1.428514180088937,3.4999766397501797
scripts\BMA-Study\EG1_group\TFT_vs_TFT_EG1.db,EG1_group,TFT_vs_TFT_EG1.db,1_2_2_Chicken-1_1_1_Prisoners-1_2_2_Chicken,20260308-161400,cadb35fb,7,1.0,Full TFT,TFT,0,1_2_2_Chicken,0,800,800,0.6990552361795307,0.5954038582672219,0.7062244944132534,0.00125,,0.0017273256182670593,0.0033859455585479735,0.0012485826015472413,1.0,0.0,0.0,-0.8526749780701594,0.9950422226239133,0.9951058495671959,0.6939877770445706,-0.8455719313033304,-0.8456336162528363,0.6905660176364472,1.3952153075734897,3.4866564785522303
scripts\BMA-Study\EG1_group\TFT_vs_TFT_EG1.db,EG1_group,TFT_vs_TFT_EG1.db,1_2_2_Chicken-1_1_1_Prisoners-1_2_2_Chicken,20260308-161400,cadb35fb,7,1.0,Full TFT,TFT,1,1_1_1_Prisoners,800,1200,400,1.38932118171642,1.3909147804659283,1.3897010974021964,0.0,,0.96447281062603,0.9667534422874451,0.9650181329250336,0.0,,1.0,0.2409331809487968,-0.9971259468634293,-0.9978732485469866,0.2409331809487968,-0.9971259468634293,-0.9978732485469866,0.005279680882813409,1.461629512567696,3.513551854268767
scripts\BMA-Study\EG1_group\TFT_vs_TFT_EG1.db,EG1_group,TFT_vs_TFT_EG1.db,1_2_2_Chicken-1_1_1_Prisoners-1_2_2_Chicken,20260308-161400,cadb35fb,7,1.0,Full TFT,TFT,2,1_2_2_Chicken,1200,2000,800,0.7062598403153162,0.7059829219916193,0.7062782813301665,0.0,,0.001198546588420868,0.0015917181968688964,0.0011723637580871582,1.0,1200.0,0.0,0.07627020120319583,-0.7209007681525041,-0.7206421860378011,-0.07627020120319583,0.7209007681525041,0.7206421860378011,0.005045650880492758,1.4285150049098854,3.4999769753131273
scripts\BMA-Study\EG1_group\TFT_vs_TFT_EG1.db,EG1_group,TFT_vs_TFT_EG1.db,1_2_2_Chicken-1_1_1_Prisoners-1_2_2_Chicken,20260308-161400,cadb35fb,6,1.0,Full TFT,TFT,0,1_2_2_Chicken,0,800,800,0.6972456694012342,0.5674732877315188,0.706224415270221,0.00125,,0.0017233042418956757,0.0018725728988647462,0.0012486946582794189,1.0,0.0,0.0,-0.8309629604354524,0.9962785448344029,0.9963157540026198,0.6289343556112786,-0.7967557616539201,-0.7968004352056035,0.7973358314397047,1.396444204915951,3.4871411588657555
scripts\BMA-Study\EG1_group\TFT_vs_TFT_EG1.db,EG1_group,TFT_vs_TFT_EG1.db,1_2_2_Chicken-1_1_1_Prisoners-1_2_2_Chicken,20260308-161400,cadb35fb,6,1.0,Full TFT,TFT,1,1_1_1_Prisoners,800,1200,400,1.3893212177849932,1.3909145932649982,1.3897011859529675,0.0,,0.9644728626310826,0.9667531728744507,0.9650182604789734,0.0,,1.0,0.1387701797914109,-0.9942928835517285,-0.9948026460198168,0.1387701797914109,-0.9942928835517285,-0.9948026460198168,0.005285064058844,1.4616268050540766,3.513550741146022
scripts\BMA-Study\EG1_group\TFT_vs_TFT_EG1.db,EG1_group,TFT_vs_TFT_EG1.db,1_2_2_Chicken-1_1_1_Prisoners-1_2_2_Chicken,20260308-161400,cadb35fb,6,1.0,Full TFT,TFT,2,1_2_2_Chicken,1200,2000,800,0.70625984420874,0.7059829236662128,0.7062782813301665,0.0,,0.0011985410749912261,0.0015917158126831055,0.0011723637580871582,1.0,1200.0,0.0,0.1811170529176503,-0.7560118047274357,-0.7560464573040178,-0.1811170529176503,0.7560118047274357,0.7560464573040178,0.0049410138599341735,1.4285140498591937,3.4999765869995567
scripts\BMA-Study\EG1_group\TFT_vs_TFT_EG1.db,EG1_group,TFT_vs_TFT_EG1.db,3_2_2_StagHunt-1_1_1_Prisoners-3_2_2_StagHunt,20260308-162705,cadb35fb,1,1.0,Full TFT,TFT,0,3_2_2_StagHunt,0,800,800,0.015374669656157493,0.20645269870758057,0.00236395001411438,0.975,20.0,0.0028747167438268662,0.006453452110290528,0.00236395001411438,1.0,0.0,0.0,0.8243205797008089,-0.8313046403820283,-0.8313130161481214,0.6779699352080761,-0.9776541624761331,-0.9776641170358034,0.137748827340547,0.45101842857003477,3.142311555098304
scripts\BMA-Study\EG1_group\TFT_vs_TFT_EG1.db,EG1_group,TFT_vs_TFT_EG1.db,3_2_2_StagHunt-1_1_1_Prisoners-3_2_2_StagHunt,20260308-162705,cadb35fb,1,1.0,Full TFT,TFT,1,1_1_1_Prisoners,800,1200,400,1.3892847267583734,1.3906551316126385,1.3896692050456156,0.0,,0.964420818388462,0.9663830959796905,0.9649726831912995,0.0,,1.0,0.14237427315342466,-0.99175485628577,-0.9921437711240021,0.14237427315342466,-0.99175485628577,-0.9921437711240021,0.0051731982140336185,1.4534781249010629,3.5103880280872057
scripts\BMA-Study\EG1_group\TFT_vs_TFT_EG1.db,EG1_group,TFT_vs_TFT_EG1.db,3_2_2_StagHunt-1_1_1_Prisoners-3_2_2_StagHunt,20260308-162705,cadb35fb,1,1.0,Full TFT,TFT,2,3_2_2_StagHunt,1200,2000,800,0.0022781924903392792,0.0027240896224975586,0.0022484660148620605,1.0,1200.0,0.0022781924903392792,0.0027240896224975586,0.0022484660148620605,1.0,1200.0,0.0,0.07457057282842454,0.13093462533175937,0.130935869110957,0.07457057282842454,0.13093462533175937,0.130935869110957,0.0049378666817210615,0.4372695474168649,3.13720515549281
scripts\BMA-Study\EG1_group\TFT_vs_TFT_EG1.db,EG1_group,TFT_vs_TFT_EG1.db,3_2_2_StagHunt-1_1_1_Prisoners-3_2_2_StagHunt,20260308-162705,cadb35fb,2,1.0,Full TFT,TFT,0,3_2_2_StagHunt,0,800,800,0.014020932391285896,0.1865117609500885,0.0023639094829559326,0.9775,18.0,0.0027709735184907915,0.006512418985366821,0.0023639094829559326,1.0,0.0,0.0,0.8036525744533974,-0.8459506714653322,-0.8459661815118448,0.6715890610582665,-0.9780148711693674,-0.9780352193645843,0.1306612633919576,0.4496969143843198,3.1418156778439186
scripts\BMA-Study\EG1_group\TFT_vs_TFT_EG1.db,EG1_group,TFT_vs_TFT_EG1.db,3_2_2_StagHunt-1_1_1_Prisoners-3_2_2_StagHunt,20260308-162705,cadb35fb,2,1.0,Full TFT,TFT,1,1_1_1_Prisoners,800,1200,400,1.3892847047455723,1.390655218611356,1.3896691446446439,0.0,,0.9644207866489887,0.9663832211494445,0.964972596168518,0.0,,1.0,0.044554417856358906,-0.9949261409191613,-0.9952026682272864,0.044554417856358906,-0.9949261409191613,-0.9952026682272864,0.005218452131957747,1.453479220739777,3.510388470805294
scripts\BMA-Study\EG1_group\TFT_vs_TFT_EG1.db,EG1_group,TFT_vs_TFT_EG1.db,3_2_2_StagHunt-1_1_1_Prisoners-3_2_2_StagHunt,20260308-162705,cadb35fb,2,1.0,Full TFT,TFT,2,3_2_2_StagHunt,1200,2000,800,0.0022781926393508913,0.0027240920066833496,0.0022484660148620605,1.0,1200.0,0.0022781926393508913,0.0027240920066833496,0.0022484660148620605,1.0,1200.0,0.0,-0.009098814122335416,0.13017993322915286,0.13018111110242434,-0.009098814122335416,0.13017993322915286,0.13018111110242434,0.004958867070090491,0.43726977635985165,3.137205230075103
scripts\BMA-Study\EG1_group\TFT_vs_TFT_EG1.db,EG1_group,TFT_vs_TFT_EG1.db,3_2_2_StagHunt-1_1_1_Prisoners-3_2_2_StagHunt,20260308-162705,cadb35fb,3,1.0,Full TFT,TFT,0,3_2_2_StagHunt,0,800,800,0.015987935364246367,0.2164296042919159,0.0023639094829559326,0.97375,21.0,0.0028629839420318604,0.006430381536483764,0.0023639094829559326,1.0,0.0,0.0,0.8137815607586149,-0.8241226588952072,-0.8241281001204106,0.6603086791468743,-0.9776023306660135,-0.9776092198490897,0.13810655253677395,0.45224912155335717,3.1427457422898577
scripts\BMA-Study\EG1_group\TFT_vs_TFT_EG1.db,EG1_group,TFT_vs_TFT_EG1.db,3_2_2_StagHunt-1_1_1_Prisoners-3_2_2_StagHunt,20260308-162705,cadb35fb,3,1.0,Full TFT,TFT,1,1_1_1_Prisoners,800,1200,400,1.389284669367064,1.390655160655356,1.3896691487479393,0.0,,0.9644207356870175,0.9663831377029419,0.9649726021289825,0.0,,1.0,0.13047565275655526,-0.9957207826822273,-0.995913583598939,0.13047565275655526,-0.9957207826822273,-0.995913583598939,0.005200585326529108,1.4534792125402212,3.510388469778807
scripts\BMA-Study\EG1_group\TFT_vs_TFT_EG1.db,EG1_group,TFT_vs_TFT_EG1.db,3_2_2_StagHunt-1_1_1_Prisoners-3_2_2_StagHunt,20260308-162705,cadb35fb,3,1.0,Full TFT,TFT,2,3_2_2_StagHunt,1200,2000,800,0.002278192788362503,0.0027240943908691407,0.0022484660148620605,1.0,1200.0,0.002278192788362503,0.0027240943908691407,0.0022484660148620605,1.0,1200.0,0.0,0.07400183261787525,0.13034140034801386,0.13034242614824562,0.07400183261787525,0.13034140034801386,0.13034242614824562,0.00494419188122265,0.43727009821461865,3.1372053357832397
scripts\BMA-Study\EG1_group\TFT_vs_TFT_EG1.db,EG1_group,TFT_vs_TFT_EG1.db,3_2_2_StagHunt-1_1_1_Prisoners-3_2_2_StagHunt,20260308-162705,cadb35fb,4,1.0,Full TFT,TFT,0,3_2_2_StagHunt,0,800,800,0.01594422899186611,0.2164270043373108,0.0023639094829559326,0.97375,21.0,0.0028192787617444992,0.006427800655364991,0.0023639094829559326,1.0,0.0,0.0,0.8188230264138866,-0.8230140472531163,-0.823029281760545,0.6652088632229988,-0.9766327029627059,-0.9766448871484378,0.14032826306531207,0.45262624188091893,3.1428690894213687
scripts\BMA-Study\EG1_group\TFT_vs_TFT_EG1.db,EG1_group,TFT_vs_TFT_EG1.db,3_2_2_StagHunt-1_1_1_Prisoners-3_2_2_StagHunt,20260308-162705,cadb35fb,4,1.0,Full TFT,TFT,1,1_1_1_Prisoners,800,1200,400,1.3892846721656367,1.390655253377659,1.3896690899970463,0.0,,0.9644207397103309,0.9663832712173462,0.9649725174903869,0.0,,1.0,0.22744176156465615,-0.9974271096180288,-0.998141405580859,0.22744176156465615,-0.9974271096180288,-0.998141405580859,0.00524131283047609,1.453480050826609,3.5103888113915054
scripts\BMA-Study\EG1_group\TFT_vs_TFT_EG1.db,EG1_group,TFT_vs_TFT_EG1.db,3_2_2_StagHunt-1_1_1_Prisoners-3_2_2_StagHunt,20260308-162705,cadb35fb,4,1.0,Full TFT,TFT,2,3_2_2_StagHunt,1200,2000,800,0.002278192937374115,0.0027240967750549318,0.0022484660148620605,1.0,1200.0,0.002278192937374115,0.0027240967750549318,0.0022484660148620605,1.0,1200.0,0.0,0.0008705785964148078,0.13098972054207422,0.13099159049697498,0.0008705785964148078,0.13098972054207422,0.13099159049697498,0.0049927540513454004,0.4372701271354873,3.1372053453942192
scripts\BMA-Study\EG1_group\TFT_vs_TFT_EG1.db,EG1_group,TFT_vs_TFT_EG1.db,3_2_2_StagHunt-1_1_1_Prisoners-3_2_2_StagHunt,20260308-162705,cadb35fb,5,1.0,Full TFT,TFT,0,3_2_2_StagHunt,0,800,800,0.019797682613134384,0.27581398487091063,0.0023639118671417237,0.96625,27.0,0.002922745794057846,0.005814995765686035,0.0023639118671417237,1.0,0.0,0.0,0.846827533914187,-0.7799737213613663,-0.7799872451563576,0.6510249049462383,-0.9757924901606411,-0.975800314517243,0.14805182077630888,0.4580636714996412,3.1448377195459214
scripts\BMA-Study\EG1_group\TFT_vs_TFT_EG1.db,EG1_group,TFT_vs_TFT_EG1.db,3_2_2_StagHunt-1_1_1_Prisoners-3_2_2_StagHunt,20260308-162705,cadb35fb,5,1.0,Full TFT,TFT,1,1_1_1_Prisoners,800,1200,400,1.3892847130084325,1.3906551507078309,1.3896691636497036,0.0,,0.9644207985699177,0.9663831233978272,0.9649726235866547,0.0,,1.0,0.18155219582438503,-0.9905570579752122,-0.9921574716181931,0.18155219582438503,-0.9905570579752122,-0.9921574716181931,0.0052128606999758634,1.4534785833452866,3.5103882151373593
scripts\BMA-Study\EG1_group\TFT_vs_TFT_EG1.db,EG1_group,TFT_vs_TFT_EG1.db,3_2_2_StagHunt-1_1_1_Prisoners-3_2_2_StagHunt,20260308-162705,cadb35fb,5,1.0,Full TFT,TFT,2,3_2_2_StagHunt,1200,2000,800,0.002278192788362503,0.0027240943908691407,0.0022484660148620605,1.0,1200.0,0.002278192788362503,0.0027240943908691407,0.0022484660148620605,1.0,1200.0,0.0,0.029455992298103043,0.12969767670545115,0.12969888447498826,0.029455992298103043,0.12969767670545115,0.12969888447498826,0.004960028364439495,0.4372699154431804,3.137205275939624
scripts\BMA-Study\EG1_group\TFT_vs_TFT_EG1.db,EG1_group,TFT_vs_TFT_EG1.db,3_2_2_StagHunt-1_1_1_Prisoners-3_2_2_StagHunt,20260308-162705,cadb35fb,6,1.0,Full TFT,TFT,0,3_2_2_StagHunt,0,800,800,0.021686043962836264,0.30503432869911196,0.002363961935043335,0.9625,30.0,0.002936114892363548,0.005035463571548462,0.002363961935043335,1.0,0.0,0.0,0.8143595026339835,-0.7595492071738233,-0.7595620484521712,0.5976615262018248,-0.9762355099077532,-0.9762512284800002,0.15652916440594708,0.46145295991532803,3.1460415620118614
scripts\BMA-Study\EG1_group\TFT_vs_TFT_EG1.db,EG1_group,TFT_vs_TFT_EG1.db,3_2_2_StagHunt-1_1_1_Prisoners-3_2_2_StagHunt,20260308-162705,cadb35fb,6,1.0,Full TFT,TFT,1,1_1_1_Prisoners,800,1200,400,1.3892846171261,1.390654899081697,1.3896691082226156,0.0,,0.9644206604361534,0.9663827610015869,0.9649725437164307,0.0,,1.0,0.12922101230003696,-0.9798967924072189,-0.9803806913591298,0.12922101230003696,-0.9798967924072189,-0.9803806913591298,0.005192959126434289,1.453478666280696,3.5103882440364917
scripts\BMA-Study\EG1_group\TFT_vs_TFT_EG1.db,EG1_group,TFT_vs_TFT_EG1.db,3_2_2_StagHunt-1_1_1_Prisoners-3_2_2_StagHunt,20260308-162705,cadb35fb,6,1.0,Full TFT,TFT,2,3_2_2_StagHunt,1200,2000,800,0.0022781926393508913,0.0027240920066833496,0.0022484660148620605,1.0,1200.0,0.0022781926393508913,0.0027240920066833496,0.0022484660148620605,1.0,1200.0,0.0,0.0457702183199299,0.1298011822746994,0.12980257500427703,0.0457702183199299,0.1298011822746994,0.12980257500427703,0.004992420175112784,0.43726999383773374,3.1372053013936316
scripts\BMA-Study\EG1_group\TFT_vs_TFT_EG1.db,EG1_group,TFT_vs_TFT_EG1.db,3_2_2_StagHunt-1_1_1_Prisoners-3_2_2_StagHunt,20260308-162705,cadb35fb,8,1.0,Full TFT,TFT,0,3_2_2_StagHunt,0,800,800,0.015949705466628075,0.21644187808036805,0.0023639070987701415,0.97375,21.0,0.0028247534483671188,0.006442645788192749,0.0023639070987701415,1.0,0.0,0.0,0.8269199687222175,-0.823241993519121,-0.8232516812960541,0.6733185472058627,-0.9768394760069413,-0.9768591036909055,0.13762775467272148,0.4526477246389332,3.1428761520696185
scripts\BMA-Study\EG1_group\TFT_vs_TFT_EG1.db,EG1_group,TFT_vs_TFT_EG1.db,3_2_2_StagHunt-1_1_1_Prisoners-3_2_2_StagHunt,20260308-162705,cadb35fb,8,1.0,Full TFT,TFT,1,1_1_1_Prisoners,800,1200,400,1.3892847979345873,1.3906553709150773,1.3896691727744526,0.0,,0.9644209209084511,0.9663834404945374,0.9649726366996765,0.0,,1.0,0.03140086452513573,-0.9964907939610882,-0.9969848481714821,0.03140086452513573,-0.9964907939610882,-0.9969848481714821,0.005146026041475124,1.4534781164688086,3.510388014797661
scripts\BMA-Study\EG1_group\TFT_vs_TFT_EG1.db,EG1_group,TFT_vs_TFT_EG1.db,3_2_2_StagHunt-1_1_1_Prisoners-3_2_2_StagHunt,20260308-162705,cadb35fb,8,1.0,Full TFT,TFT,2,3_2_2_StagHunt,1200,2000,800,0.0022781926393508913,0.0027240920066833496,0.0022484660148620605,1.0,1200.0,0.0022781926393508913,0.0027240920066833496,0.0022484660148620605,1.0,1200.0,0.0,0.013226089983649466,0.12980245710353164,0.1298043724599407,0.013226089983649466,0.12980245710353164,0.1298043724599407,0.004993338627100457,0.4372696212774788,3.1372051793042237
scripts\BMA-Study\EG1_group\TFT_vs_TFT_EG1.db,EG1_group,TFT_vs_TFT_EG1.db,3_2_2_StagHunt-1_1_1_Prisoners-3_2_2_StagHunt,20260308-162705,cadb35fb,7,1.0,Full TFT,TFT,0,3_2_2_StagHunt,0,800,800,0.017208603322505952,0.23637977242469788,0.0023639070987701415,0.97125,23.0,0.0028336575627326967,0.006380640268325806,0.0023639070987701415,1.0,0.0,0.0,0.8011431330803048,-0.8085400030944794,-0.8085491694357931,0.6332383254201022,-0.9764413030810954,-0.9764523387606013,0.14017675306386082,0.4546915364704342,3.1436080622050957
scripts\BMA-Study\EG1_group\TFT_vs_TFT_EG1.db,EG1_group,TFT_vs_TFT_EG1.db,3_2_2_StagHunt-1_1_1_Prisoners-3_2_2_StagHunt,20260308-162705,cadb35fb,7,1.0,Full TFT,TFT,1,1_1_1_Prisoners,800,1200,400,1.389284703616935,1.3906553518860665,1.3896691338891285,0.0,,0.964420785009861,0.9663834130764007,0.9649725806713104,0.0,,1.0,0.10924472480572026,-0.9974255896356694,-0.9976385628850931,0.10924472480572026,-0.9974255896356694,-0.9976385628850931,0.0052953899197746065,1.4534801238498847,3.5103888470825964
scripts\BMA-Study\EG1_group\TFT_vs_TFT_EG1.db,EG1_group,TFT_vs_TFT_EG1.db,3_2_2_StagHunt-1_1_1_Prisoners-3_2_2_StagHunt,20260308-162705,cadb35fb,7,1.0,Full TFT,TFT,2,3_2_2_StagHunt,1200,2000,800,0.0022781926393508913,0.0027240920066833496,0.0022484660148620605,1.0,1200.0,0.0022781926393508913,0.0027240920066833496,0.0022484660148620605,1.0,1200.0,0.0,0.04578972758209001,0.12980344747977812,0.12980609163678525,0.04578972758209001,0.12980344747977812,0.12980609163678525,0.004964274837402627,0.4372700705907065,3.137205326832718
